<datapower-configuration version="3"><export-details><description>Exported Configuration</description><user>admin</user><domain>Tools</domain><comment/><product-id>software</product-id><product>IDG</product><display-product>IDG</display-product><model>IBM DataPower Gateway</model><display-model>IBM DataPower Gateway</display-model><device-name>c1989841eff0</device-name><serial-number>0000001</serial-number><firmware-version>IDG.10.0.3.0</firmware-version><display-firmware-version>IDG.10.0.3.0</display-firmware-version><firmware-build>333705</firmware-build><delivery-type>CD</delivery-type><firmware-timestamp>2021/06/16 21:06:57</firmware-timestamp><current-date>2022-04-27</current-date><current-time>13:08:55 EDT</current-time><reset-date>2022-04-27</reset-date><reset-time>08:32:40 EDT</reset-time><login-message/><custom-ui-file/></export-details><interface-data><interface name="eth0" type="Other" vers="ipv4" ip-addr="172.17.0.2"/></interface-data><configuration domain="Tools"><DomainSettings name="default" intrinsic="true" xmlns:dp="http://www.datapower.com/schemas/management" xmlns:env="http://www.w3.org/2003/05/soap-envelope">
<mAdminState>enabled</mAdminState>
<PasswordTreatment>masked</PasswordTreatment>
<ConfigDir>config:///</ConfigDir></DomainSettings><SSLClientProfile name="Tools" xmlns:dp="http://www.datapower.com/schemas/management" xmlns:env="http://www.w3.org/2003/05/soap-envelope">
<mAdminState>enabled</mAdminState>
<Protocols>
<SSLv3>off</SSLv3>
<TLSv1d0>off</TLSv1d0>
<TLSv1d1>on</TLSv1d1>
<TLSv1d2>on</TLSv1d2>
<TLSv1d3>on</TLSv1d3></Protocols>
<Ciphers>AES_256_GCM_SHA384</Ciphers>
<Ciphers>CHACHA20_POLY1305_SHA256</Ciphers>
<Ciphers>AES_128_GCM_SHA256</Ciphers>
<Ciphers>ECDHE_ECDSA_WITH_AES_256_GCM_SHA384</Ciphers>
<Ciphers>ECDHE_RSA_WITH_AES_256_GCM_SHA384</Ciphers>
<Ciphers>ECDHE_ECDSA_WITH_AES_256_CBC_SHA384</Ciphers>
<Ciphers>ECDHE_RSA_WITH_AES_256_CBC_SHA384</Ciphers>
<Ciphers>ECDHE_ECDSA_WITH_AES_256_CBC_SHA</Ciphers>
<Ciphers>ECDHE_RSA_WITH_AES_256_CBC_SHA</Ciphers>
<Ciphers>DHE_DSS_WITH_AES_256_GCM_SHA384</Ciphers>
<Ciphers>DHE_RSA_WITH_AES_256_GCM_SHA384</Ciphers>
<Ciphers>DHE_RSA_WITH_AES_256_CBC_SHA256</Ciphers>
<Ciphers>DHE_DSS_WITH_AES_256_CBC_SHA256</Ciphers>
<Ciphers>DHE_RSA_WITH_AES_256_CBC_SHA</Ciphers>
<Ciphers>DHE_DSS_WITH_AES_256_CBC_SHA</Ciphers>
<Ciphers>RSA_WITH_AES_256_GCM_SHA384</Ciphers>
<Ciphers>RSA_WITH_AES_256_CBC_SHA256</Ciphers>
<Ciphers>RSA_WITH_AES_256_CBC_SHA</Ciphers>
<Ciphers>ECDHE_ECDSA_WITH_AES_128_GCM_SHA256</Ciphers>
<Ciphers>ECDHE_RSA_WITH_AES_128_GCM_SHA256</Ciphers>
<Ciphers>ECDHE_ECDSA_WITH_AES_128_CBC_SHA256</Ciphers>
<Ciphers>ECDHE_RSA_WITH_AES_128_CBC_SHA256</Ciphers>
<Ciphers>ECDHE_ECDSA_WITH_AES_128_CBC_SHA</Ciphers>
<Ciphers>ECDHE_RSA_WITH_AES_128_CBC_SHA</Ciphers>
<Ciphers>DHE_DSS_WITH_AES_128_GCM_SHA256</Ciphers>
<Ciphers>DHE_RSA_WITH_AES_128_GCM_SHA256</Ciphers>
<Ciphers>DHE_RSA_WITH_AES_128_CBC_SHA256</Ciphers>
<Ciphers>DHE_DSS_WITH_AES_128_CBC_SHA256</Ciphers>
<Ciphers>DHE_RSA_WITH_AES_128_CBC_SHA</Ciphers>
<Ciphers>DHE_DSS_WITH_AES_128_CBC_SHA</Ciphers>
<Ciphers>RSA_WITH_AES_128_GCM_SHA256</Ciphers>
<Ciphers>RSA_WITH_AES_128_CBC_SHA256</Ciphers>
<Ciphers>RSA_WITH_AES_128_CBC_SHA</Ciphers>
<ValidateServerCert>off</ValidateServerCert>
<Caching>on</Caching>
<CacheTimeout>300</CacheTimeout>
<CacheSize>100</CacheSize>
<SSLClientFeatures>
<use-sni>on</use-sni>
<permit-insecure-servers>off</permit-insecure-servers>
<compression>off</compression></SSLClientFeatures>
<EllipticCurves>secp521r1</EllipticCurves>
<EllipticCurves>secp384r1</EllipticCurves>
<EllipticCurves>secp256k1</EllipticCurves>
<EllipticCurves>secp256r1</EllipticCurves>
<UseCustomSNIHostname>no</UseCustomSNIHostname>
<ValidateHostname>off</ValidateHostname>
<HostnameValidationFlags>
<X509_CHECK_FLAG_ALWAYS_CHECK_SUBJECT>off</X509_CHECK_FLAG_ALWAYS_CHECK_SUBJECT>
<X509_CHECK_FLAG_NO_WILDCARDS>off</X509_CHECK_FLAG_NO_WILDCARDS>
<X509_CHECK_FLAG_NO_PARTIAL_WILDCARDS>off</X509_CHECK_FLAG_NO_PARTIAL_WILDCARDS>
<X509_CHECK_FLAG_MULTI_LABEL_WILDCARDS>off</X509_CHECK_FLAG_MULTI_LABEL_WILDCARDS>
<X509_CHECK_FLAG_SINGLE_LABEL_SUBDOMAINS>off</X509_CHECK_FLAG_SINGLE_LABEL_SUBDOMAINS></HostnameValidationFlags>
<HostnameValidationFailOnError>off</HostnameValidationFailOnError>
<EnableTLS13Compat>on</EnableTLS13Compat></SSLClientProfile><LogLabel name="aaa" intrinsic="true" read-only="true" xmlns:dp="http://www.datapower.com/schemas/management" xmlns:env="http://www.w3.org/2003/05/soap-envelope">
<mAdminState read-only="true">enabled</mAdminState>
<UserSummary read-only="true">AAA Policy</UserSummary>
<Type read-only="true">pre-defined</Type></LogLabel><LogLabel name="all" intrinsic="true" read-only="true" xmlns:dp="http://www.datapower.com/schemas/management" xmlns:env="http://www.w3.org/2003/05/soap-envelope">
<mAdminState read-only="true">enabled</mAdminState>
<UserSummary read-only="true">All Categories</UserSummary>
<Type read-only="true">pre-defined</Type></LogLabel><LogLabel name="amqp" intrinsic="true" read-only="true" xmlns:dp="http://www.datapower.com/schemas/management" xmlns:env="http://www.w3.org/2003/05/soap-envelope">
<mAdminState read-only="true">enabled</mAdminState>
<UserSummary read-only="true">AMQP</UserSummary>
<Type read-only="true">pre-defined</Type></LogLabel><LogLabel name="api-stats" intrinsic="true" read-only="true" xmlns:dp="http://www.datapower.com/schemas/management" xmlns:env="http://www.w3.org/2003/05/soap-envelope">
<mAdminState read-only="true">enabled</mAdminState>
<UserSummary read-only="true">Messages for API Monitoring</UserSummary>
<Type read-only="true">pre-defined</Type></LogLabel><LogLabel name="apic-gw-service" intrinsic="true" read-only="true" xmlns:dp="http://www.datapower.com/schemas/management" xmlns:env="http://www.w3.org/2003/05/soap-envelope">
<mAdminState read-only="true">enabled</mAdminState>
<UserSummary read-only="true">API Connect Gateway Service</UserSummary>
<Type read-only="true">pre-defined</Type></LogLabel><LogLabel name="apiconnect" intrinsic="true" read-only="true" xmlns:dp="http://www.datapower.com/schemas/management" xmlns:env="http://www.w3.org/2003/05/soap-envelope">
<mAdminState read-only="true">enabled</mAdminState>
<UserSummary read-only="true">API Connect</UserSummary>
<Type read-only="true">pre-defined</Type></LogLabel><LogLabel name="apigw" intrinsic="true" read-only="true" xmlns:dp="http://www.datapower.com/schemas/management" xmlns:env="http://www.w3.org/2003/05/soap-envelope">
<mAdminState read-only="true">enabled</mAdminState>
<UserSummary read-only="true">API Gateway</UserSummary>
<Type read-only="true">pre-defined</Type></LogLabel><LogLabel name="audit" intrinsic="true" read-only="true" xmlns:dp="http://www.datapower.com/schemas/management" xmlns:env="http://www.w3.org/2003/05/soap-envelope">
<mAdminState read-only="true">enabled</mAdminState>
<UserSummary read-only="true">Audit Trace</UserSummary>
<Type read-only="true">pre-defined</Type></LogLabel><LogLabel name="auth" intrinsic="true" read-only="true" xmlns:dp="http://www.datapower.com/schemas/management" xmlns:env="http://www.w3.org/2003/05/soap-envelope">
<mAdminState read-only="true">enabled</mAdminState>
<UserSummary read-only="true">Authentication</UserSummary>
<Type read-only="true">pre-defined</Type></LogLabel><LogLabel name="b2bgw" intrinsic="true" read-only="true" xmlns:dp="http://www.datapower.com/schemas/management" xmlns:env="http://www.w3.org/2003/05/soap-envelope">
<mAdminState read-only="true">enabled</mAdminState>
<UserSummary read-only="true">B2B Gateway</UserSummary>
<Type read-only="true">pre-defined</Type></LogLabel><LogLabel name="b2bp" intrinsic="true" read-only="true" xmlns:dp="http://www.datapower.com/schemas/management" xmlns:env="http://www.w3.org/2003/05/soap-envelope">
<mAdminState read-only="true">enabled</mAdminState>
<UserSummary read-only="true">B2B Message Persistence</UserSummary>
<Type read-only="true">pre-defined</Type></LogLabel><LogLabel name="cert-monitor" intrinsic="true" read-only="true" xmlns:dp="http://www.datapower.com/schemas/management" xmlns:env="http://www.w3.org/2003/05/soap-envelope">
<mAdminState read-only="true">enabled</mAdminState>
<UserSummary read-only="true">Crypto Certificate Monitor</UserSummary>
<Type read-only="true">pre-defined</Type></LogLabel><LogLabel name="cli" intrinsic="true" read-only="true" xmlns:dp="http://www.datapower.com/schemas/management" xmlns:env="http://www.w3.org/2003/05/soap-envelope">
<mAdminState read-only="true">enabled</mAdminState>
<UserSummary read-only="true">CLI Trace</UserSummary>
<Type read-only="true">pre-defined</Type></LogLabel><LogLabel name="cloud-connector" intrinsic="true" read-only="true" xmlns:dp="http://www.datapower.com/schemas/management" xmlns:env="http://www.w3.org/2003/05/soap-envelope">
<mAdminState read-only="true">enabled</mAdminState>
<UserSummary read-only="true">Cloud Connector Processing</UserSummary>
<Type read-only="true">pre-defined</Type></LogLabel><LogLabel name="cloud-gateway" intrinsic="true" read-only="true" xmlns:dp="http://www.datapower.com/schemas/management" xmlns:env="http://www.w3.org/2003/05/soap-envelope">
<mAdminState read-only="true">enabled</mAdminState>
<UserSummary read-only="true">Cloud Gateway Processing</UserSummary>
<Type read-only="true">pre-defined</Type></LogLabel><LogLabel name="cluster-service" intrinsic="true" read-only="true" xmlns:dp="http://www.datapower.com/schemas/management" xmlns:env="http://www.w3.org/2003/05/soap-envelope">
<mAdminState read-only="true">enabled</mAdminState>
<UserSummary read-only="true">Cluster Service</UserSummary>
<Type read-only="true">pre-defined</Type></LogLabel><LogLabel name="cms" intrinsic="true" read-only="true" xmlns:dp="http://www.datapower.com/schemas/management" xmlns:env="http://www.w3.org/2003/05/soap-envelope">
<mAdminState read-only="true">enabled</mAdminState>
<UserSummary read-only="true">B2B Crypto Message Syntax</UserSummary>
<Type read-only="true">pre-defined</Type></LogLabel><LogLabel name="crypto" intrinsic="true" read-only="true" xmlns:dp="http://www.datapower.com/schemas/management" xmlns:env="http://www.w3.org/2003/05/soap-envelope">
<mAdminState read-only="true">enabled</mAdminState>
<UserSummary read-only="true">Crypto Subsystem</UserSummary>
<Type read-only="true">pre-defined</Type></LogLabel><LogLabel name="dfdl" intrinsic="true" read-only="true" xmlns:dp="http://www.datapower.com/schemas/management" xmlns:env="http://www.w3.org/2003/05/soap-envelope">
<mAdminState read-only="true">enabled</mAdminState>
<UserSummary read-only="true">DFDL</UserSummary>
<Type read-only="true">pre-defined</Type></LogLabel><LogLabel name="evtlog" intrinsic="true" read-only="true" xmlns:dp="http://www.datapower.com/schemas/management" xmlns:env="http://www.w3.org/2003/05/soap-envelope">
<mAdminState read-only="true">enabled</mAdminState>
<UserSummary read-only="true">Event Subsystem</UserSummary>
<Type read-only="true">pre-defined</Type></LogLabel><LogLabel name="extlatency" intrinsic="true" read-only="true" xmlns:dp="http://www.datapower.com/schemas/management" xmlns:env="http://www.w3.org/2003/05/soap-envelope">
<mAdminState read-only="true">enabled</mAdminState>
<UserSummary read-only="true">Enhanced Transactional Latency</UserSummary>
<Type read-only="true">pre-defined</Type></LogLabel><LogLabel name="fibre-channel" intrinsic="true" read-only="true" xmlns:dp="http://www.datapower.com/schemas/management" xmlns:env="http://www.w3.org/2003/05/soap-envelope">
<mAdminState read-only="true">enabled</mAdminState>
<UserSummary read-only="true">Fibre Channel</UserSummary>
<Type read-only="true">pre-defined</Type></LogLabel><LogLabel name="file" intrinsic="true" read-only="true" xmlns:dp="http://www.datapower.com/schemas/management" xmlns:env="http://www.w3.org/2003/05/soap-envelope">
<mAdminState read-only="true">enabled</mAdminState>
<UserSummary read-only="true">File Management</UserSummary>
<Type read-only="true">pre-defined</Type></LogLabel><LogLabel name="file-capture" intrinsic="true" read-only="true" xmlns:dp="http://www.datapower.com/schemas/management" xmlns:env="http://www.w3.org/2003/05/soap-envelope">
<mAdminState read-only="true">enabled</mAdminState>
<UserSummary read-only="true">XML File Capture</UserSummary>
<Type read-only="true">pre-defined</Type></LogLabel><LogLabel name="file-poller" intrinsic="true" read-only="true" xmlns:dp="http://www.datapower.com/schemas/management" xmlns:env="http://www.w3.org/2003/05/soap-envelope">
<mAdminState read-only="true">enabled</mAdminState>
<UserSummary read-only="true">File Poller</UserSummary>
<Type read-only="true">pre-defined</Type></LogLabel><LogLabel name="ftp" intrinsic="true" read-only="true" xmlns:dp="http://www.datapower.com/schemas/management" xmlns:env="http://www.w3.org/2003/05/soap-envelope">
<mAdminState read-only="true">enabled</mAdminState>
<UserSummary read-only="true">FTP Message Exchange</UserSummary>
<Type read-only="true">pre-defined</Type></LogLabel><LogLabel name="gateway-peering" intrinsic="true" read-only="true" xmlns:dp="http://www.datapower.com/schemas/management" xmlns:env="http://www.w3.org/2003/05/soap-envelope">
<mAdminState read-only="true">enabled</mAdminState>
<UserSummary read-only="true">Gateway Peering</UserSummary>
<Type read-only="true">pre-defined</Type></LogLabel><LogLabel name="gateway-peering-manager" intrinsic="true" read-only="true" xmlns:dp="http://www.datapower.com/schemas/management" xmlns:env="http://www.w3.org/2003/05/soap-envelope">
<mAdminState read-only="true">enabled</mAdminState>
<UserSummary read-only="true">Gateway Peering Manager</UserSummary>
<Type read-only="true">pre-defined</Type></LogLabel><LogLabel name="gatewayscript" intrinsic="true" read-only="true" xmlns:dp="http://www.datapower.com/schemas/management" xmlns:env="http://www.w3.org/2003/05/soap-envelope">
<mAdminState read-only="true">enabled</mAdminState>
<UserSummary read-only="true">GatewayScript Processing</UserSummary>
<Type read-only="true">pre-defined</Type></LogLabel><LogLabel name="gatewayscript-user" intrinsic="true" read-only="true" xmlns:dp="http://www.datapower.com/schemas/management" xmlns:env="http://www.w3.org/2003/05/soap-envelope">
<mAdminState read-only="true">enabled</mAdminState>
<UserSummary read-only="true">GatewayScript User Processing</UserSummary>
<Type read-only="true">pre-defined</Type></LogLabel><LogLabel name="graphql-server" intrinsic="true" read-only="true" xmlns:dp="http://www.datapower.com/schemas/management" xmlns:env="http://www.w3.org/2003/05/soap-envelope">
<mAdminState>enabled</mAdminState>
<UserSummary>GraphQL Server</UserSummary>
<Type>user</Type></LogLabel><LogLabel name="http" intrinsic="true" read-only="true" xmlns:dp="http://www.datapower.com/schemas/management" xmlns:env="http://www.w3.org/2003/05/soap-envelope">
<mAdminState read-only="true">enabled</mAdminState>
<UserSummary read-only="true">HTTP Proxy</UserSummary>
<Type read-only="true">pre-defined</Type></LogLabel><LogLabel name="http-convert" intrinsic="true" read-only="true" xmlns:dp="http://www.datapower.com/schemas/management" xmlns:env="http://www.w3.org/2003/05/soap-envelope">
<mAdminState read-only="true">enabled</mAdminState>
<UserSummary read-only="true">HTTP to XML Converter</UserSummary>
<Type read-only="true">pre-defined</Type></LogLabel><LogLabel name="ims" intrinsic="true" read-only="true" xmlns:dp="http://www.datapower.com/schemas/management" xmlns:env="http://www.w3.org/2003/05/soap-envelope">
<mAdminState read-only="true">enabled</mAdminState>
<UserSummary read-only="true">Information Management System</UserSummary>
<Type read-only="true">pre-defined</Type></LogLabel><LogLabel name="ip-multicast" intrinsic="true" read-only="true" xmlns:dp="http://www.datapower.com/schemas/management" xmlns:env="http://www.w3.org/2003/05/soap-envelope">
<mAdminState read-only="true">enabled</mAdminState>
<UserSummary read-only="true">IP Multicast</UserSummary>
<Type read-only="true">pre-defined</Type></LogLabel><LogLabel name="ipmi" intrinsic="true" read-only="true" xmlns:dp="http://www.datapower.com/schemas/management" xmlns:env="http://www.w3.org/2003/05/soap-envelope">
<mAdminState read-only="true">enabled</mAdminState>
<UserSummary read-only="true">Intelligent Platform Management Interface</UserSummary>
<Type read-only="true">pre-defined</Type></LogLabel><LogLabel name="iscsi" intrinsic="true" read-only="true" xmlns:dp="http://www.datapower.com/schemas/management" xmlns:env="http://www.w3.org/2003/05/soap-envelope">
<mAdminState read-only="true">enabled</mAdminState>
<UserSummary read-only="true">iSCSI</UserSummary>
<Type read-only="true">pre-defined</Type></LogLabel><LogLabel name="kafka" intrinsic="true" read-only="true" xmlns:dp="http://www.datapower.com/schemas/management" xmlns:env="http://www.w3.org/2003/05/soap-envelope">
<mAdminState read-only="true">enabled</mAdminState>
<UserSummary read-only="true">Kafka</UserSummary>
<Type read-only="true">pre-defined</Type></LogLabel><LogLabel name="kerberos" intrinsic="true" read-only="true" xmlns:dp="http://www.datapower.com/schemas/management" xmlns:env="http://www.w3.org/2003/05/soap-envelope">
<mAdminState read-only="true">enabled</mAdminState>
<UserSummary read-only="true">Kerberos Access</UserSummary>
<Type read-only="true">pre-defined</Type></LogLabel><LogLabel name="latency" intrinsic="true" read-only="true" xmlns:dp="http://www.datapower.com/schemas/management" xmlns:env="http://www.w3.org/2003/05/soap-envelope">
<mAdminState read-only="true">enabled</mAdminState>
<UserSummary read-only="true">Transactional Latency</UserSummary>
<Type read-only="true">pre-defined</Type></LogLabel><LogLabel name="ldap" intrinsic="true" read-only="true" xmlns:dp="http://www.datapower.com/schemas/management" xmlns:env="http://www.w3.org/2003/05/soap-envelope">
<mAdminState read-only="true">enabled</mAdminState>
<UserSummary read-only="true">LDAP Server Query</UserSummary>
<Type read-only="true">pre-defined</Type></LogLabel><LogLabel name="llm" intrinsic="true" read-only="true" xmlns:dp="http://www.datapower.com/schemas/management" xmlns:env="http://www.w3.org/2003/05/soap-envelope">
<mAdminState read-only="true">enabled</mAdminState>
<UserSummary read-only="true">Low Latency Messaging</UserSummary>
<Type read-only="true">pre-defined</Type></LogLabel><LogLabel name="ltpa" intrinsic="true" read-only="true" xmlns:dp="http://www.datapower.com/schemas/management" xmlns:env="http://www.w3.org/2003/05/soap-envelope">
<mAdminState read-only="true">enabled</mAdminState>
<UserSummary read-only="true">LTPA Token Access</UserSummary>
<Type read-only="true">pre-defined</Type></LogLabel><LogLabel name="memory-report" intrinsic="true" read-only="true" xmlns:dp="http://www.datapower.com/schemas/management" xmlns:env="http://www.w3.org/2003/05/soap-envelope">
<mAdminState read-only="true">enabled</mAdminState>
<UserSummary read-only="true">Memory Report</UserSummary>
<Type read-only="true">pre-defined</Type></LogLabel><LogLabel name="mgmt" intrinsic="true" read-only="true" xmlns:dp="http://www.datapower.com/schemas/management" xmlns:env="http://www.w3.org/2003/05/soap-envelope">
<mAdminState read-only="true">enabled</mAdminState>
<UserSummary read-only="true">Configuration Management</UserSummary>
<Type read-only="true">pre-defined</Type></LogLabel><LogLabel name="mime" intrinsic="true" read-only="true" xmlns:dp="http://www.datapower.com/schemas/management" xmlns:env="http://www.w3.org/2003/05/soap-envelope">
<mAdminState read-only="true">enabled</mAdminState>
<UserSummary read-only="true">MIME Message Processing</UserSummary>
<Type read-only="true">pre-defined</Type></LogLabel><LogLabel name="monitor" intrinsic="true" read-only="true" xmlns:dp="http://www.datapower.com/schemas/management" xmlns:env="http://www.w3.org/2003/05/soap-envelope">
<mAdminState read-only="true">enabled</mAdminState>
<UserSummary read-only="true">Message Monitoring</UserSummary>
<Type read-only="true">pre-defined</Type></LogLabel><LogLabel name="mpgw" intrinsic="true" read-only="true" xmlns:dp="http://www.datapower.com/schemas/management" xmlns:env="http://www.w3.org/2003/05/soap-envelope">
<mAdminState read-only="true">enabled</mAdminState>
<UserSummary read-only="true">Multi-Protocol Gateway</UserSummary>
<Type read-only="true">pre-defined</Type></LogLabel><LogLabel name="mq" intrinsic="true" read-only="true" xmlns:dp="http://www.datapower.com/schemas/management" xmlns:env="http://www.w3.org/2003/05/soap-envelope">
<mAdminState read-only="true">enabled</mAdminState>
<UserSummary read-only="true">WebSphere MQ</UserSummary>
<Type read-only="true">pre-defined</Type></LogLabel><LogLabel name="multistep" intrinsic="true" read-only="true" xmlns:dp="http://www.datapower.com/schemas/management" xmlns:env="http://www.w3.org/2003/05/soap-envelope">
<mAdminState read-only="true">enabled</mAdminState>
<UserSummary read-only="true">Multistep Transformations</UserSummary>
<Type read-only="true">pre-defined</Type></LogLabel><LogLabel name="netegrity" intrinsic="true" read-only="true" xmlns:dp="http://www.datapower.com/schemas/management" xmlns:env="http://www.w3.org/2003/05/soap-envelope">
<mAdminState read-only="true">enabled</mAdminState>
<UserSummary read-only="true">Netegrity SiteMinder</UserSummary>
<Type read-only="true">pre-defined</Type></LogLabel><LogLabel name="network" intrinsic="true" read-only="true" xmlns:dp="http://www.datapower.com/schemas/management" xmlns:env="http://www.w3.org/2003/05/soap-envelope">
<mAdminState read-only="true">enabled</mAdminState>
<UserSummary read-only="true">Network Subsystem</UserSummary>
<Type read-only="true">pre-defined</Type></LogLabel><LogLabel name="network-file" intrinsic="true" read-only="true" xmlns:dp="http://www.datapower.com/schemas/management" xmlns:env="http://www.w3.org/2003/05/soap-envelope">
<mAdminState read-only="true">enabled</mAdminState>
<UserSummary read-only="true">Network File Access</UserSummary>
<Type read-only="true">pre-defined</Type></LogLabel><LogLabel name="networkhsm-luna" intrinsic="true" read-only="true" xmlns:dp="http://www.datapower.com/schemas/management" xmlns:env="http://www.w3.org/2003/05/soap-envelope">
<mAdminState read-only="true">enabled</mAdminState>
<UserSummary read-only="true">Network HSM - Luna</UserSummary>
<Type read-only="true">pre-defined</Type></LogLabel><LogLabel name="oauth" intrinsic="true" read-only="true" xmlns:dp="http://www.datapower.com/schemas/management" xmlns:env="http://www.w3.org/2003/05/soap-envelope">
<mAdminState read-only="true">enabled</mAdminState>
<UserSummary read-only="true">OAuth Processing</UserSummary>
<Type read-only="true">pre-defined</Type></LogLabel><LogLabel name="ocsp" intrinsic="true" read-only="true" xmlns:dp="http://www.datapower.com/schemas/management" xmlns:env="http://www.w3.org/2003/05/soap-envelope">
<mAdminState read-only="true">enabled</mAdminState>
<UserSummary read-only="true">OCSP Subsystem</UserSummary>
<Type read-only="true">pre-defined</Type></LogLabel><LogLabel name="odr" intrinsic="true" read-only="true" xmlns:dp="http://www.datapower.com/schemas/management" xmlns:env="http://www.w3.org/2003/05/soap-envelope">
<mAdminState read-only="true">enabled</mAdminState>
<UserSummary read-only="true">On Demand Router</UserSummary>
<Type read-only="true">pre-defined</Type></LogLabel><LogLabel name="odr-connector-group" intrinsic="true" read-only="true" xmlns:dp="http://www.datapower.com/schemas/management" xmlns:env="http://www.w3.org/2003/05/soap-envelope">
<mAdminState read-only="true">enabled</mAdminState>
<UserSummary read-only="true">On Demand Router Connector Group</UserSummary>
<Type read-only="true">pre-defined</Type></LogLabel><LogLabel name="odrlib" intrinsic="true" read-only="true" xmlns:dp="http://www.datapower.com/schemas/management" xmlns:env="http://www.w3.org/2003/05/soap-envelope">
<mAdminState read-only="true">enabled</mAdminState>
<UserSummary read-only="true">On Demand Router Library</UserSummary>
<Type read-only="true">pre-defined</Type></LogLabel><LogLabel name="opentracing" intrinsic="true" read-only="true" xmlns:dp="http://www.datapower.com/schemas/management" xmlns:env="http://www.w3.org/2003/05/soap-envelope">
<mAdminState read-only="true">enabled</mAdminState>
<UserSummary read-only="true">Open Tracing Jaeger Client</UserSummary>
<Type read-only="true">pre-defined</Type></LogLabel><LogLabel name="parse" intrinsic="true" read-only="true" xmlns:dp="http://www.datapower.com/schemas/management" xmlns:env="http://www.w3.org/2003/05/soap-envelope">
<mAdminState read-only="true">enabled</mAdminState>
<UserSummary read-only="true">Parsing</UserSummary>
<Type read-only="true">pre-defined</Type></LogLabel><LogLabel name="peer-group" intrinsic="true" read-only="true" xmlns:dp="http://www.datapower.com/schemas/management" xmlns:env="http://www.w3.org/2003/05/soap-envelope">
<mAdminState read-only="true">enabled</mAdminState>
<UserSummary read-only="true">Peer Group</UserSummary>
<Type read-only="true">pre-defined</Type></LogLabel><LogLabel name="product-insights" intrinsic="true" read-only="true" xmlns:dp="http://www.datapower.com/schemas/management" xmlns:env="http://www.w3.org/2003/05/soap-envelope">
<mAdminState read-only="true">enabled</mAdminState>
<UserSummary read-only="true">Product Insights</UserSummary>
<Type read-only="true">pre-defined</Type></LogLabel><LogLabel name="quiesce" intrinsic="true" read-only="true" xmlns:dp="http://www.datapower.com/schemas/management" xmlns:env="http://www.w3.org/2003/05/soap-envelope">
<mAdminState read-only="true">enabled</mAdminState>
<UserSummary read-only="true">Quiesce</UserSummary>
<Type read-only="true">pre-defined</Type></LogLabel><LogLabel name="quota-enforcement" intrinsic="true" read-only="true" xmlns:dp="http://www.datapower.com/schemas/management" xmlns:env="http://www.w3.org/2003/05/soap-envelope">
<mAdminState read-only="true">enabled</mAdminState>
<UserSummary read-only="true">Quota Enforcement Server</UserSummary>
<Type read-only="true">pre-defined</Type></LogLabel><LogLabel name="rbm" intrinsic="true" read-only="true" xmlns:dp="http://www.datapower.com/schemas/management" xmlns:env="http://www.w3.org/2003/05/soap-envelope">
<mAdminState read-only="true">enabled</mAdminState>
<UserSummary read-only="true">Role-based Management</UserSummary>
<Type read-only="true">pre-defined</Type></LogLabel><LogLabel name="rpcsec-gss" intrinsic="true" read-only="true" xmlns:dp="http://www.datapower.com/schemas/management" xmlns:env="http://www.w3.org/2003/05/soap-envelope">
<mAdminState read-only="true">enabled</mAdminState>
<UserSummary read-only="true">RPC Security - Generic Security Service for NFS</UserSummary>
<Type read-only="true">pre-defined</Type></LogLabel><LogLabel name="schema" intrinsic="true" read-only="true" xmlns:dp="http://www.datapower.com/schemas/management" xmlns:env="http://www.w3.org/2003/05/soap-envelope">
<mAdminState read-only="true">enabled</mAdminState>
<UserSummary read-only="true">Schema Validation</UserSummary>
<Type read-only="true">pre-defined</Type></LogLabel><LogLabel name="secure-cloud-connector" intrinsic="true" read-only="true" xmlns:dp="http://www.datapower.com/schemas/management" xmlns:env="http://www.w3.org/2003/05/soap-envelope">
<mAdminState read-only="true">enabled</mAdminState>
<UserSummary read-only="true">Secure Cloud Connector</UserSummary>
<Type read-only="true">pre-defined</Type></LogLabel><LogLabel name="secure-conversation" intrinsic="true" read-only="true" xmlns:dp="http://www.datapower.com/schemas/management" xmlns:env="http://www.w3.org/2003/05/soap-envelope">
<mAdminState read-only="true">enabled</mAdminState>
<UserSummary read-only="true">WS-SecureConversation Security Context Management</UserSummary>
<Type read-only="true">pre-defined</Type></LogLabel><LogLabel name="self-balancing" intrinsic="true" read-only="true" xmlns:dp="http://www.datapower.com/schemas/management" xmlns:env="http://www.w3.org/2003/05/soap-envelope">
<mAdminState read-only="true">enabled</mAdminState>
<UserSummary read-only="true">Self-Balancing</UserSummary>
<Type read-only="true">pre-defined</Type></LogLabel><LogLabel name="sftp" intrinsic="true" read-only="true" xmlns:dp="http://www.datapower.com/schemas/management" xmlns:env="http://www.w3.org/2003/05/soap-envelope">
<mAdminState read-only="true">enabled</mAdminState>
<UserSummary read-only="true">SFTP Message Exchange</UserSummary>
<Type read-only="true">pre-defined</Type></LogLabel><LogLabel name="sgclient" intrinsic="true" read-only="true" xmlns:dp="http://www.datapower.com/schemas/management" xmlns:env="http://www.w3.org/2003/05/soap-envelope">
<mAdminState read-only="true">enabled</mAdminState>
<UserSummary read-only="true">Secure Gateway Client</UserSummary>
<Type read-only="true">pre-defined</Type></LogLabel><LogLabel name="slm" intrinsic="true" read-only="true" xmlns:dp="http://www.datapower.com/schemas/management" xmlns:env="http://www.w3.org/2003/05/soap-envelope">
<mAdminState read-only="true">enabled</mAdminState>
<UserSummary read-only="true">Service Level Monitoring</UserSummary>
<Type read-only="true">pre-defined</Type></LogLabel><LogLabel name="smtp" intrinsic="true" read-only="true" xmlns:dp="http://www.datapower.com/schemas/management" xmlns:env="http://www.w3.org/2003/05/soap-envelope">
<mAdminState read-only="true">enabled</mAdminState>
<UserSummary read-only="true">SMTP Message Exchange</UserSummary>
<Type read-only="true">pre-defined</Type></LogLabel><LogLabel name="sql" intrinsic="true" read-only="true" xmlns:dp="http://www.datapower.com/schemas/management" xmlns:env="http://www.w3.org/2003/05/soap-envelope">
<mAdminState read-only="true">enabled</mAdminState>
<UserSummary read-only="true">SQL Data Access</UserSummary>
<Type read-only="true">pre-defined</Type></LogLabel><LogLabel name="ssh" intrinsic="true" read-only="true" xmlns:dp="http://www.datapower.com/schemas/management" xmlns:env="http://www.w3.org/2003/05/soap-envelope">
<mAdminState read-only="true">enabled</mAdminState>
<UserSummary read-only="true">SSH Service</UserSummary>
<Type read-only="true">pre-defined</Type></LogLabel><LogLabel name="ssl" intrinsic="true" read-only="true" xmlns:dp="http://www.datapower.com/schemas/management" xmlns:env="http://www.w3.org/2003/05/soap-envelope">
<mAdminState read-only="true">enabled</mAdminState>
<UserSummary read-only="true">SSL Processing</UserSummary>
<Type read-only="true">pre-defined</Type></LogLabel><LogLabel name="system" intrinsic="true" read-only="true" xmlns:dp="http://www.datapower.com/schemas/management" xmlns:env="http://www.w3.org/2003/05/soap-envelope">
<mAdminState read-only="true">enabled</mAdminState>
<UserSummary read-only="true">System Events</UserSummary>
<Type read-only="true">pre-defined</Type></LogLabel><LogLabel name="tam" intrinsic="true" read-only="true" xmlns:dp="http://www.datapower.com/schemas/management" xmlns:env="http://www.w3.org/2003/05/soap-envelope">
<mAdminState read-only="true">enabled</mAdminState>
<UserSummary read-only="true">Tivoli Access Manager</UserSummary>
<Type read-only="true">pre-defined</Type></LogLabel><LogLabel name="tenant" intrinsic="true" read-only="true" xmlns:dp="http://www.datapower.com/schemas/management" xmlns:env="http://www.w3.org/2003/05/soap-envelope">
<mAdminState read-only="true">enabled</mAdminState>
<UserSummary read-only="true">Tenant Gateways</UserSummary>
<Type read-only="true">pre-defined</Type></LogLabel><LogLabel name="tfim" intrinsic="true" read-only="true" xmlns:dp="http://www.datapower.com/schemas/management" xmlns:env="http://www.w3.org/2003/05/soap-envelope">
<mAdminState read-only="true">enabled</mAdminState>
<UserSummary read-only="true">Tivoli Federated Identity Manager</UserSummary>
<Type read-only="true">pre-defined</Type></LogLabel><LogLabel name="tibco-ems" intrinsic="true" read-only="true" xmlns:dp="http://www.datapower.com/schemas/management" xmlns:env="http://www.w3.org/2003/05/soap-envelope">
<mAdminState read-only="true">enabled</mAdminState>
<UserSummary read-only="true">Tibco EMS</UserSummary>
<Type read-only="true">pre-defined</Type></LogLabel><LogLabel name="uddi" intrinsic="true" read-only="true" xmlns:dp="http://www.datapower.com/schemas/management" xmlns:env="http://www.w3.org/2003/05/soap-envelope">
<mAdminState read-only="true">enabled</mAdminState>
<UserSummary read-only="true">UDDI</UserSummary>
<Type read-only="true">pre-defined</Type></LogLabel><LogLabel name="uddisub" intrinsic="true" read-only="true" xmlns:dp="http://www.datapower.com/schemas/management" xmlns:env="http://www.w3.org/2003/05/soap-envelope">
<mAdminState read-only="true">enabled</mAdminState>
<UserSummary read-only="true">UDDI Subscription</UserSummary>
<Type read-only="true">pre-defined</Type></LogLabel><LogLabel name="user" intrinsic="true" read-only="true" xmlns:dp="http://www.datapower.com/schemas/management" xmlns:env="http://www.w3.org/2003/05/soap-envelope">
<mAdminState read-only="true">enabled</mAdminState>
<UserSummary read-only="true">User Management</UserSummary>
<Type read-only="true">pre-defined</Type></LogLabel><LogLabel name="useragent" intrinsic="true" read-only="true" xmlns:dp="http://www.datapower.com/schemas/management" xmlns:env="http://www.w3.org/2003/05/soap-envelope">
<mAdminState read-only="true">enabled</mAdminState>
<UserSummary read-only="true">User-Agent Subsystem</UserSummary>
<Type read-only="true">pre-defined</Type></LogLabel><LogLabel name="wasjms" intrinsic="true" read-only="true" xmlns:dp="http://www.datapower.com/schemas/management" xmlns:env="http://www.w3.org/2003/05/soap-envelope">
<mAdminState read-only="true">enabled</mAdminState>
<UserSummary read-only="true">WebSphere JMS</UserSummary>
<Type read-only="true">pre-defined</Type></LogLabel><LogLabel name="wcc" intrinsic="true" read-only="true" xmlns:dp="http://www.datapower.com/schemas/management" xmlns:env="http://www.w3.org/2003/05/soap-envelope">
<mAdminState read-only="true">enabled</mAdminState>
<UserSummary read-only="true">WebSphere Cell Configuration</UserSummary>
<Type read-only="true">pre-defined</Type></LogLabel><LogLabel name="web-token-service" intrinsic="true" read-only="true" xmlns:dp="http://www.datapower.com/schemas/management" xmlns:env="http://www.w3.org/2003/05/soap-envelope">
<mAdminState read-only="true">enabled</mAdminState>
<UserSummary read-only="true">Web Token Service</UserSummary>
<Type read-only="true">pre-defined</Type></LogLabel><LogLabel name="webapp-firewall" intrinsic="true" read-only="true" xmlns:dp="http://www.datapower.com/schemas/management" xmlns:env="http://www.w3.org/2003/05/soap-envelope">
<mAdminState read-only="true">enabled</mAdminState>
<UserSummary read-only="true">Web Application Firewall</UserSummary>
<Type read-only="true">pre-defined</Type></LogLabel><LogLabel name="ws-proxy" intrinsic="true" read-only="true" xmlns:dp="http://www.datapower.com/schemas/management" xmlns:env="http://www.w3.org/2003/05/soap-envelope">
<mAdminState read-only="true">enabled</mAdminState>
<UserSummary read-only="true">Web Service Proxy</UserSummary>
<Type read-only="true">pre-defined</Type></LogLabel><LogLabel name="wsm-agent" intrinsic="true" read-only="true" xmlns:dp="http://www.datapower.com/schemas/management" xmlns:env="http://www.w3.org/2003/05/soap-envelope">
<mAdminState read-only="true">enabled</mAdminState>
<UserSummary read-only="true">Web Service Management Agent</UserSummary>
<Type read-only="true">pre-defined</Type></LogLabel><LogLabel name="wsrr" intrinsic="true" read-only="true" xmlns:dp="http://www.datapower.com/schemas/management" xmlns:env="http://www.w3.org/2003/05/soap-envelope">
<mAdminState read-only="true">enabled</mAdminState>
<UserSummary read-only="true">WebSphere Service Registry and Repository</UserSummary>
<Type read-only="true">pre-defined</Type></LogLabel><LogLabel name="wtx" intrinsic="true" read-only="true" xmlns:dp="http://www.datapower.com/schemas/management" xmlns:env="http://www.w3.org/2003/05/soap-envelope">
<mAdminState read-only="true">enabled</mAdminState>
<UserSummary read-only="true">WTX</UserSummary>
<Type read-only="true">pre-defined</Type></LogLabel><LogLabel name="wxs-grid" intrinsic="true" read-only="true" xmlns:dp="http://www.datapower.com/schemas/management" xmlns:env="http://www.w3.org/2003/05/soap-envelope">
<mAdminState read-only="true">enabled</mAdminState>
<UserSummary read-only="true">WebSphere eXtreme Scale grid</UserSummary>
<Type read-only="true">pre-defined</Type></LogLabel><LogLabel name="xacml" intrinsic="true" read-only="true" xmlns:dp="http://www.datapower.com/schemas/management" xmlns:env="http://www.w3.org/2003/05/soap-envelope">
<mAdminState read-only="true">enabled</mAdminState>
<UserSummary read-only="true">XACML</UserSummary>
<Type read-only="true">pre-defined</Type></LogLabel><LogLabel name="xc10-grid" intrinsic="true" read-only="true" xmlns:dp="http://www.datapower.com/schemas/management" xmlns:env="http://www.w3.org/2003/05/soap-envelope">
<mAdminState read-only="true">enabled</mAdminState>
<UserSummary read-only="true">XC10-grid</UserSummary>
<Type read-only="true">pre-defined</Type></LogLabel><LogLabel name="xformng" intrinsic="true" read-only="true" xmlns:dp="http://www.datapower.com/schemas/management" xmlns:env="http://www.w3.org/2003/05/soap-envelope">
<mAdminState read-only="true">enabled</mAdminState>
<UserSummary read-only="true">XFormNG</UserSummary>
<Type read-only="true">pre-defined</Type></LogLabel><LogLabel name="xmlfilter" intrinsic="true" read-only="true" xmlns:dp="http://www.datapower.com/schemas/management" xmlns:env="http://www.w3.org/2003/05/soap-envelope">
<mAdminState read-only="true">enabled</mAdminState>
<UserSummary read-only="true">XML Message Filtering</UserSummary>
<Type read-only="true">pre-defined</Type></LogLabel><LogLabel name="xmlfirewall" intrinsic="true" read-only="true" xmlns:dp="http://www.datapower.com/schemas/management" xmlns:env="http://www.w3.org/2003/05/soap-envelope">
<mAdminState read-only="true">enabled</mAdminState>
<UserSummary read-only="true">XML-Firewall Service</UserSummary>
<Type read-only="true">pre-defined</Type></LogLabel><LogLabel name="xmlparse" intrinsic="true" read-only="true" xmlns:dp="http://www.datapower.com/schemas/management" xmlns:env="http://www.w3.org/2003/05/soap-envelope">
<mAdminState read-only="true">enabled</mAdminState>
<UserSummary read-only="true">General XML Parsing</UserSummary>
<Type read-only="true">pre-defined</Type></LogLabel><LogLabel name="xmlroute" intrinsic="true" read-only="true" xmlns:dp="http://www.datapower.com/schemas/management" xmlns:env="http://www.w3.org/2003/05/soap-envelope">
<mAdminState read-only="true">enabled</mAdminState>
<UserSummary read-only="true">XML Message Routing</UserSummary>
<Type read-only="true">pre-defined</Type></LogLabel><LogLabel name="xquery" intrinsic="true" read-only="true" xmlns:dp="http://www.datapower.com/schemas/management" xmlns:env="http://www.w3.org/2003/05/soap-envelope">
<mAdminState read-only="true">enabled</mAdminState>
<UserSummary read-only="true">XQuery</UserSummary>
<Type read-only="true">pre-defined</Type></LogLabel><LogLabel name="xslcoproc" intrinsic="true" read-only="true" xmlns:dp="http://www.datapower.com/schemas/management" xmlns:env="http://www.w3.org/2003/05/soap-envelope">
<mAdminState read-only="true">enabled</mAdminState>
<UserSummary read-only="true">XSL-Coprocessor Service</UserSummary>
<Type read-only="true">pre-defined</Type></LogLabel><LogLabel name="xslproxy" intrinsic="true" read-only="true" xmlns:dp="http://www.datapower.com/schemas/management" xmlns:env="http://www.w3.org/2003/05/soap-envelope">
<mAdminState read-only="true">enabled</mAdminState>
<UserSummary read-only="true">XSL-Proxy Service</UserSummary>
<Type read-only="true">pre-defined</Type></LogLabel><LogLabel name="xslt" intrinsic="true" read-only="true" xmlns:dp="http://www.datapower.com/schemas/management" xmlns:env="http://www.w3.org/2003/05/soap-envelope">
<mAdminState read-only="true">enabled</mAdminState>
<UserSummary read-only="true">XSLT Compilation</UserSummary>
<Type read-only="true">pre-defined</Type></LogLabel><LogLabel name="xsltmsg" intrinsic="true" read-only="true" xmlns:dp="http://www.datapower.com/schemas/management" xmlns:env="http://www.w3.org/2003/05/soap-envelope">
<mAdminState read-only="true">enabled</mAdminState>
<UserSummary read-only="true">XSLT User Message</UserSummary>
<Type read-only="true">pre-defined</Type></LogLabel><LogLabel name="zosnss" intrinsic="true" read-only="true" xmlns:dp="http://www.datapower.com/schemas/management" xmlns:env="http://www.w3.org/2003/05/soap-envelope">
<mAdminState read-only="true">enabled</mAdminState>
<UserSummary read-only="true">zOS-NSS</UserSummary>
<Type read-only="true">pre-defined</Type></LogLabel><LogTarget name="default-log" intrinsic="true" xmlns:dp="http://www.datapower.com/schemas/management" xmlns:env="http://www.w3.org/2003/05/soap-envelope">
<mAdminState read-only="true">enabled</mAdminState>
<UserSummary read-only="true">Default Domain Log</UserSummary>
<Type read-only="true">file</Type>
<Priority read-only="true">normal</Priority>
<SoapVersion read-only="true">soap11</SoapVersion>
<Format read-only="true">text</Format>
<TimestampFormat read-only="true">zulu</TimestampFormat>
<FixedFormat read-only="true">off</FixedFormat>
<Size read-only="true">500</Size>
<LocalFile read-only="true">logtemp:///default-log</LocalFile>
<ArchiveMode read-only="true">rotate</ArchiveMode>
<Rotate read-only="true">3</Rotate>
<UseANSIColor read-only="true">off</UseANSIColor>
<SyslogFacility read-only="true">user</SyslogFacility>
<RateLimit read-only="true">100</RateLimit>
<ConnectTimeout read-only="true">60</ConnectTimeout>
<IdleTimeout read-only="true">15</IdleTimeout>
<ActiveTimeout read-only="true">0</ActiveTimeout>
<FeedbackDetection read-only="true">off</FeedbackDetection>
<IdenticalEventSuppression read-only="true">off</IdenticalEventSuppression>
<IdenticalEventPeriod read-only="true">10</IdenticalEventPeriod>
<SSLClientConfigType read-only="true">proxy</SSLClientConfigType>
<RetryInterval read-only="true">1</RetryInterval>
<RetryAttempts read-only="true">1</RetryAttempts>
<LongRetryInterval read-only="true">20</LongRetryInterval>
<LogPrecision read-only="true">second</LogPrecision>
<LogEvents>
<Class class="LogLabel">all</Class>
<Priority>error</Priority></LogEvents>
<LogEvents>
<Class class="LogLabel">mgmt</Class>
<Priority>notice</Priority></LogEvents></LogTarget><LoadBalancerGroup name="Loopback" xmlns:dp="http://www.datapower.com/schemas/management" xmlns:env="http://www.w3.org/2003/05/soap-envelope">
<mAdminState>enabled</mAdminState>
<Algorithm>round-robin</Algorithm>
<RetrieveInfo>off</RetrieveInfo>
<WLMRetrieval>use-websphere</WLMRetrieval>
<WLMTransport>http</WLMTransport>
<Damp>120</Damp>
<NeverReturnSickMember>off</NeverReturnSickMember>
<LBGroupMembers>
<Server>127.0.0.1</Server>
<Weight>1</Weight>
<MappedPort>0</MappedPort>
<Activity/>
<HealthPort/>
<LBMemberState>enabled</LBMemberState></LBGroupMembers>
<TryEveryServerBeforeFailing>off</TryEveryServerBeforeFailing>
<LBGroupChecks>
<Active>off</Active>
<URI>/</URI>
<Port>80</Port>
<SSL>Standard</SSL>
<Post>on</Post>
<Input>store:///healthcheck.xml</Input>
<Timeout>10</Timeout>
<Frequency>180</Frequency>
<XPath>/</XPath>
<Filter>store:///healthcheck.xsl</Filter>
<SSLProxyProfile/>
<EnforceTimeout>off</EnforceTimeout>
<IndependentChecks>off</IndependentChecks>
<GatewayScriptChecks>off</GatewayScriptChecks>
<GatewayScriptReqMethod>GET</GatewayScriptReqMethod>
<GatewayScriptCustomReqMethod/>
<GatewayScriptReqDoc>store:///healthcheck.json</GatewayScriptReqDoc>
<GatewayScriptReqContentType>application/json</GatewayScriptReqContentType>
<GatewayScriptRspHandlerMetadata/>
<GatewayScriptRspHandler>store:///healthcheck.js</GatewayScriptRspHandler>
<TCPConnectionType>Full</TCPConnectionType>
<SSLClientConfigType>proxy</SSLClientConfigType>
<SSLClient/></LBGroupChecks>
<MasqueradeMember>off</MasqueradeMember>
<ApplicationRouting>off</ApplicationRouting>
<LBGroupAffinityConf>
<EnableSA>on</EnableSA>
<InsertionCookieName>DPJSESSIONID</InsertionCookieName>
<InsertionPath>/</InsertionPath>
<InsertionDomain>datapower.com</InsertionDomain>
<AffinityWLMOverride>off</AffinityWLMOverride>
<AffinityMode>activeConditional</AffinityMode>
<InsertionAttributes>
<secure>off</secure>
<httponly>off</httponly></InsertionAttributes></LBGroupAffinityConf></LoadBalancerGroup><HTTPUserAgent name="default" intrinsic="true" xmlns:dp="http://www.datapower.com/schemas/management" xmlns:env="http://www.w3.org/2003/05/soap-envelope">
<mAdminState>enabled</mAdminState>
<UserSummary>Default User Agent</UserSummary>
<MaxRedirects>8</MaxRedirects>
<Timeout>300</Timeout></HTTPUserAgent><HTTPUserAgent name="Tools" xmlns:dp="http://www.datapower.com/schemas/management" xmlns:env="http://www.w3.org/2003/05/soap-envelope">
<mAdminState>enabled</mAdminState>
<MaxRedirects>8</MaxRedirects>
<Timeout>300</Timeout>
<SSLPolicies>
<RegExp>https://Loopback:5554/*</RegExp>
<SSLProxyProfile/>
<SSLClientConfigType>client</SSLClientConfigType>
<SSLClient class="SSLClientProfile">Tools</SSLClient></SSLPolicies></HTTPUserAgent><URLMap name="default-attempt-stream-all" intrinsic="true" xmlns:dp="http://www.datapower.com/schemas/management" xmlns:env="http://www.w3.org/2003/05/soap-envelope">
<mAdminState>enabled</mAdminState>
<URLMapRule>
<Pattern>*</Pattern></URLMapRule></URLMap><CompileOptionsPolicy name="default-attempt-stream" intrinsic="true" xmlns:dp="http://www.datapower.com/schemas/management" xmlns:env="http://www.w3.org/2003/05/soap-envelope">
<mAdminState>enabled</mAdminState>
<XSLTVersion>XSLT10</XSLTVersion>
<Strict>off</Strict>
<TryStream class="URLMap">default-attempt-stream-all</TryStream>
<StackSize>524288</StackSize>
<WSIValidation>ignore</WSIValidation>
<WSDLValidateBody>strict</WSDLValidateBody>
<WSDLValidateHeaders>lax</WSDLValidateHeaders>
<WSDLValidateFaults>strict</WSDLValidateFaults>
<WSDLWrappedFaults>off</WSDLWrappedFaults>
<WSDLStrictSOAPVersion>off</WSDLStrictSOAPVersion>
<XACMLDebug>off</XACMLDebug></CompileOptionsPolicy><ParseSettings name="default" xmlns:dp="http://www.datapower.com/schemas/management" xmlns:env="http://www.w3.org/2003/05/soap-envelope">
<mAdminState>enabled</mAdminState>
<DocumentType>detect</DocumentType>
<DocumentSize>4194304</DocumentSize>
<NestingDepth>512</NestingDepth>
<Width>4096</Width>
<NameLength>256</NameLength>
<ValueLength>8192</ValueLength>
<UniquePrefixes>1024</UniquePrefixes>
<UniqueNamespaces>1024</UniqueNamespaces>
<UniqueNames>1024</UniqueNames>
<NumberLength>128</NumberLength></ParseSettings><APIRouting name="default-api-route" intrinsic="true" read-only="true" xmlns:dp="http://www.datapower.com/schemas/management" xmlns:env="http://www.w3.org/2003/05/soap-envelope">
<mAdminState>enabled</mAdminState></APIRouting><APISecurity name="default-api-security" intrinsic="true" read-only="true" xmlns:dp="http://www.datapower.com/schemas/management" xmlns:env="http://www.w3.org/2003/05/soap-envelope">
<mAdminState>enabled</mAdminState>
<Title>default-security</Title>
<CorrelationPath>$.assembly.execute[4]</CorrelationPath></APISecurity><APIExecute name="default-api-execute" intrinsic="true" read-only="true" xmlns:dp="http://www.datapower.com/schemas/management" xmlns:env="http://www.w3.org/2003/05/soap-envelope">
<mAdminState>enabled</mAdminState></APIExecute><APIResult name="default-api-result" intrinsic="true" read-only="true" xmlns:dp="http://www.datapower.com/schemas/management" xmlns:env="http://www.w3.org/2003/05/soap-envelope">
<mAdminState>enabled</mAdminState>
<Output>OUTPUT</Output></APIResult><AssemblyActionHtmlPage name="default-html-page" intrinsic="true" read-only="true" xmlns:dp="http://www.datapower.com/schemas/management" xmlns:env="http://www.w3.org/2003/05/soap-envelope">
<mAdminState>enabled</mAdminState>
<Title>default-html-page</Title>
<CorrelationPath>$.assembly.execute[1]</CorrelationPath>
<ActionDebug persisted="false">off</ActionDebug>
<Output>message</Output></AssemblyActionHtmlPage><AssemblyActionRateLimit name="default-api-ratelimit" intrinsic="true" read-only="true" xmlns:dp="http://www.datapower.com/schemas/management" xmlns:env="http://www.w3.org/2003/05/soap-envelope">
<mAdminState>enabled</mAdminState>
<Title>default-ratelimit</Title>
<CorrelationPath>$.assembly.execute[3]</CorrelationPath>
<ActionDebug persisted="false">off</ActionDebug>
<Source>plan-default</Source></AssemblyActionRateLimit><AssemblyFunction name="default-func-global" xmlns:dp="http://www.datapower.com/schemas/management" xmlns:env="http://www.w3.org/2003/05/soap-envelope">
<mAdminState>enabled</mAdminState>
<Assembly class="Assembly">default-assembly-global</Assembly></AssemblyFunction><AssemblyFunction name="default-func-main" xmlns:dp="http://www.datapower.com/schemas/management" xmlns:env="http://www.w3.org/2003/05/soap-envelope">
<mAdminState>enabled</mAdminState>
<Assembly class="Assembly">default-assembly-main</Assembly></AssemblyFunction><AssemblyFunction name="default-func-preflow" xmlns:dp="http://www.datapower.com/schemas/management" xmlns:env="http://www.w3.org/2003/05/soap-envelope">
<mAdminState>enabled</mAdminState>
<Assembly class="Assembly">default-preflow</Assembly></AssemblyFunction><AssemblyActionFunctionCall name="default-func-call-global" xmlns:dp="http://www.datapower.com/schemas/management" xmlns:env="http://www.w3.org/2003/05/soap-envelope">
<mAdminState>enabled</mAdminState>
<ActionDebug persisted="false">off</ActionDebug>
<FunctionCall class="AssemblyFunction">default-func-global</FunctionCall></AssemblyActionFunctionCall><AssemblyActionFunctionCall name="default-func-call-main" xmlns:dp="http://www.datapower.com/schemas/management" xmlns:env="http://www.w3.org/2003/05/soap-envelope">
<mAdminState>enabled</mAdminState>
<ActionDebug persisted="false">off</ActionDebug>
<FunctionCall class="AssemblyFunction">default-func-main</FunctionCall></AssemblyActionFunctionCall><AssemblyActionFunctionCall name="default-func-call-preflow" xmlns:dp="http://www.datapower.com/schemas/management" xmlns:env="http://www.w3.org/2003/05/soap-envelope">
<mAdminState>enabled</mAdminState>
<ActionDebug persisted="false">off</ActionDebug>
<FunctionCall class="AssemblyFunction">default-func-preflow</FunctionCall></AssemblyActionFunctionCall><StylePolicyAction name="__default-accept-service-providers-filter-action__" intrinsic="true" read-only="true" xmlns:dp="http://www.datapower.com/schemas/management" xmlns:env="http://www.w3.org/2003/05/soap-envelope">
<mAdminState>enabled</mAdminState>
<Type>filter</Type>
<Input>NULL</Input>
<Transform>store:///filter-accept-service-providers.xsl</Transform>
<ParseSettingsReference>
<URL/>
<Literal/>
<Default/></ParseSettingsReference>
<ParseMetricsResultType>none</ParseMetricsResultType>
<TransformLanguage>none</TransformLanguage>
<ActionDebug persisted="false">off</ActionDebug>
<NoTranscodeUtf8>off</NoTranscodeUtf8>
<NamedInOutLocationType>default</NamedInOutLocationType>
<SSLClientConfigType>proxy</SSLClientConfigType>
<Transactional>off</Transactional>
<SOAPValidation>body</SOAPValidation>
<SQLSourceType>static</SQLSourceType>
<JWSVerifyStripSignature>on</JWSVerifyStripSignature>
<Asynchronous>off</Asynchronous>
<ResultsMode>first-available</ResultsMode>
<RetryCount>0</RetryCount>
<RetryInterval>1000</RetryInterval>
<MultipleOutputs>off</MultipleOutputs>
<IteratorType>XPATH</IteratorType>
<Timeout>0</Timeout>
<MethodRewriteType>GET</MethodRewriteType>
<MethodType>POST</MethodType>
<MethodType2>POST</MethodType2></StylePolicyAction><StylePolicyAction name="__default-accept-service-providers-results-action__" intrinsic="true" read-only="true" xmlns:dp="http://www.datapower.com/schemas/management" xmlns:env="http://www.w3.org/2003/05/soap-envelope">
<mAdminState>enabled</mAdminState>
<Type>results</Type>
<Input>INPUT</Input>
<ParseSettingsReference>
<URL/>
<Literal/>
<Default/></ParseSettingsReference>
<ParseMetricsResultType>none</ParseMetricsResultType>
<TransformLanguage>none</TransformLanguage>
<ActionDebug persisted="false">off</ActionDebug>
<NoTranscodeUtf8>off</NoTranscodeUtf8>
<NamedInOutLocationType>default</NamedInOutLocationType>
<SSLClientConfigType>proxy</SSLClientConfigType>
<Transactional>off</Transactional>
<SOAPValidation>body</SOAPValidation>
<SQLSourceType>static</SQLSourceType>
<JWSVerifyStripSignature>on</JWSVerifyStripSignature>
<Asynchronous>off</Asynchronous>
<ResultsMode>first-available</ResultsMode>
<RetryCount>0</RetryCount>
<RetryInterval>1000</RetryInterval>
<MultipleOutputs>off</MultipleOutputs>
<IteratorType>XPATH</IteratorType>
<Timeout>0</Timeout>
<MethodRewriteType>GET</MethodRewriteType>
<MethodType>POST</MethodType>
<MethodType2>POST</MethodType2></StylePolicyAction><StylePolicyAction name="__dp-policy-call-action__" intrinsic="true" read-only="true" xmlns:dp="http://www.datapower.com/schemas/management" xmlns:env="http://www.w3.org/2003/05/soap-envelope">
<mAdminState>enabled</mAdminState>
<UserSummary>Call the next policy.</UserSummary>
<Type>call</Type>
<Input>INPUT</Input>
<ParseSettingsReference>
<URL/>
<Literal/>
<Default/></ParseSettingsReference>
<ParseMetricsResultType>none</ParseMetricsResultType>
<TransformLanguage>none</TransformLanguage>
<ActionDebug persisted="false">off</ActionDebug>
<Output>INPUT</Output>
<NoTranscodeUtf8>off</NoTranscodeUtf8>
<NamedInOutLocationType>default</NamedInOutLocationType>
<SSLClientConfigType>proxy</SSLClientConfigType>
<Rule>var://context/policy/fw/call-rule</Rule>
<Transactional>off</Transactional>
<SOAPValidation>body</SOAPValidation>
<SQLSourceType>static</SQLSourceType>
<JWSVerifyStripSignature>on</JWSVerifyStripSignature>
<Asynchronous>off</Asynchronous>
<ResultsMode>first-available</ResultsMode>
<RetryCount>0</RetryCount>
<RetryInterval>1000</RetryInterval>
<MultipleOutputs>off</MultipleOutputs>
<IteratorType>XPATH</IteratorType>
<Timeout>0</Timeout>
<MethodRewriteType>GET</MethodRewriteType>
<MethodType>POST</MethodType>
<MethodType2>POST</MethodType2></StylePolicyAction><StylePolicyAction name="__dp-policy-init-xform-action__" intrinsic="true" read-only="true" xmlns:dp="http://www.datapower.com/schemas/management" xmlns:env="http://www.w3.org/2003/05/soap-envelope">
<mAdminState>enabled</mAdminState>
<UserSummary>Set up context vars and annotate map XML.</UserSummary>
<Type>xform</Type>
<Input>NULL</Input>
<Transform>store://dp/policy-enforce-init.xsl</Transform>
<ParseSettingsReference>
<URL/>
<Literal/>
<Default/></ParseSettingsReference>
<ParseMetricsResultType>none</ParseMetricsResultType>
<TransformLanguage>none</TransformLanguage>
<ActionDebug persisted="false">off</ActionDebug>
<Output>NULL</Output>
<NoTranscodeUtf8>off</NoTranscodeUtf8>
<NamedInOutLocationType>default</NamedInOutLocationType>
<SSLClientConfigType>proxy</SSLClientConfigType>
<Transactional>off</Transactional>
<SOAPValidation>body</SOAPValidation>
<SQLSourceType>static</SQLSourceType>
<JWSVerifyStripSignature>on</JWSVerifyStripSignature>
<Asynchronous>off</Asynchronous>
<ResultsMode>first-available</ResultsMode>
<RetryCount>0</RetryCount>
<RetryInterval>1000</RetryInterval>
<MultipleOutputs>off</MultipleOutputs>
<IteratorType>XPATH</IteratorType>
<Timeout>0</Timeout>
<MethodRewriteType>GET</MethodRewriteType>
<MethodType>POST</MethodType>
<MethodType2>POST</MethodType2></StylePolicyAction><StylePolicyAction name="__dp-policy-results-action__" intrinsic="true" read-only="true" xmlns:dp="http://www.datapower.com/schemas/management" xmlns:env="http://www.w3.org/2003/05/soap-envelope">
<mAdminState>enabled</mAdminState>
<UserSummary>Results action for our policy enforcement rules.</UserSummary>
<Type>results</Type>
<Input>INPUT</Input>
<ParseSettingsReference>
<URL/>
<Literal/>
<Default/></ParseSettingsReference>
<ParseMetricsResultType>none</ParseMetricsResultType>
<TransformLanguage>none</TransformLanguage>
<ActionDebug persisted="false">off</ActionDebug>
<NoTranscodeUtf8>off</NoTranscodeUtf8>
<NamedInOutLocationType>default</NamedInOutLocationType>
<SSLClientConfigType>proxy</SSLClientConfigType>
<Transactional>off</Transactional>
<SOAPValidation>body</SOAPValidation>
<SQLSourceType>static</SQLSourceType>
<JWSVerifyStripSignature>on</JWSVerifyStripSignature>
<Asynchronous>off</Asynchronous>
<ResultsMode>first-available</ResultsMode>
<RetryCount>0</RetryCount>
<RetryInterval>1000</RetryInterval>
<MultipleOutputs>off</MultipleOutputs>
<IteratorType>XPATH</IteratorType>
<Timeout>0</Timeout>
<MethodRewriteType>GET</MethodRewriteType>
<MethodType>POST</MethodType>
<MethodType2>POST</MethodType2></StylePolicyAction><StylePolicyAction name="__dp-policy-traverse-xform-action__" intrinsic="true" read-only="true" xmlns:dp="http://www.datapower.com/schemas/management" xmlns:env="http://www.w3.org/2003/05/soap-envelope">
<mAdminState>enabled</mAdminState>
<UserSummary>Identify next policy by traversing the annotated map.</UserSummary>
<Type>xform</Type>
<Input>NULL</Input>
<Transform>store://dp/policy-enforce-traverse.xsl</Transform>
<ParseSettingsReference>
<URL/>
<Literal/>
<Default/></ParseSettingsReference>
<ParseMetricsResultType>none</ParseMetricsResultType>
<TransformLanguage>none</TransformLanguage>
<ActionDebug persisted="false">off</ActionDebug>
<Output>NULL</Output>
<NoTranscodeUtf8>off</NoTranscodeUtf8>
<NamedInOutLocationType>default</NamedInOutLocationType>
<SSLClientConfigType>proxy</SSLClientConfigType>
<Transactional>off</Transactional>
<SOAPValidation>body</SOAPValidation>
<SQLSourceType>static</SQLSourceType>
<JWSVerifyStripSignature>on</JWSVerifyStripSignature>
<Asynchronous>off</Asynchronous>
<ResultsMode>first-available</ResultsMode>
<RetryCount>0</RetryCount>
<RetryInterval>1000</RetryInterval>
<MultipleOutputs>off</MultipleOutputs>
<IteratorType>XPATH</IteratorType>
<Timeout>0</Timeout>
<MethodRewriteType>GET</MethodRewriteType>
<MethodType>POST</MethodType>
<MethodType2>POST</MethodType2></StylePolicyAction><StylePolicyAction name="All-REST-Cors_gatewayscript_0" xmlns:dp="http://www.datapower.com/schemas/management" xmlns:env="http://www.w3.org/2003/05/soap-envelope">
<mAdminState>enabled</mAdminState>
<Type>gatewayscript</Type>
<Input>NULL</Input>
<ParseSettingsReference>
<URL/>
<Literal/>
<Default/></ParseSettingsReference>
<ParseMetricsResultType>none</ParseMetricsResultType>
<TransformLanguage>none</TransformLanguage>
<GatewayScriptLocation>local:///ChopXUrlSegment.js</GatewayScriptLocation>
<ActionDebug persisted="false">off</ActionDebug>
<Output>NULL</Output>
<NoTranscodeUtf8>off</NoTranscodeUtf8>
<NamedInOutLocationType>default</NamedInOutLocationType>
<SSLClientConfigType>proxy</SSLClientConfigType>
<StylesheetParameters>
<ParameterName>X</ParameterName>
<ParameterValue>2</ParameterValue></StylesheetParameters>
<Transactional>off</Transactional>
<SOAPValidation>body</SOAPValidation>
<SQLSourceType>static</SQLSourceType>
<JWSVerifyStripSignature>on</JWSVerifyStripSignature>
<Asynchronous>off</Asynchronous>
<ResultsMode>first-available</ResultsMode>
<RetryCount>0</RetryCount>
<RetryInterval>1000</RetryInterval>
<MultipleOutputs>off</MultipleOutputs>
<IteratorType>XPATH</IteratorType>
<Timeout>0</Timeout>
<MethodRewriteType>GET</MethodRewriteType>
<MethodType>POST</MethodType>
<MethodType2>POST</MethodType2></StylePolicyAction><StylePolicyAction name="All-REST-Cors_gatewayscript_2" xmlns:dp="http://www.datapower.com/schemas/management" xmlns:env="http://www.w3.org/2003/05/soap-envelope">
<mAdminState>enabled</mAdminState>
<Type>gatewayscript</Type>
<Input>INPUT</Input>
<ParseSettingsReference>
<URL/>
<Literal/>
<Default/></ParseSettingsReference>
<ParseMetricsResultType>none</ParseMetricsResultType>
<TransformLanguage>none</TransformLanguage>
<GatewayScriptLocation>local:///invoke-backend.js</GatewayScriptLocation>
<ActionDebug persisted="false">off</ActionDebug>
<Output>dpvar</Output>
<NoTranscodeUtf8>off</NoTranscodeUtf8>
<NamedInOutLocationType>default</NamedInOutLocationType>
<SSLClientConfigType>proxy</SSLClientConfigType>
<StylesheetParameters>
<ParameterName>BaseURL</ParameterName>
<ParameterValue>https://Loopback:5554</ParameterValue></StylesheetParameters>
<StylesheetParameters>
<ParameterName>Cors</ParameterName>
<ParameterValue>true</ParameterValue></StylesheetParameters>
<Transactional>off</Transactional>
<SOAPValidation>body</SOAPValidation>
<SQLSourceType>static</SQLSourceType>
<JWSVerifyStripSignature>on</JWSVerifyStripSignature>
<Asynchronous>off</Asynchronous>
<ResultsMode>first-available</ResultsMode>
<RetryCount>0</RetryCount>
<RetryInterval>1000</RetryInterval>
<MultipleOutputs>off</MultipleOutputs>
<IteratorType>XPATH</IteratorType>
<Timeout>0</Timeout>
<MethodRewriteType>GET</MethodRewriteType>
<MethodType>POST</MethodType>
<MethodType2>POST</MethodType2></StylePolicyAction><StylePolicyAction name="All-REST-Cors_gatewayscript_3" xmlns:dp="http://www.datapower.com/schemas/management" xmlns:env="http://www.w3.org/2003/05/soap-envelope">
<mAdminState>enabled</mAdminState>
<Type>gatewayscript</Type>
<Input>dpvar</Input>
<ParseSettingsReference>
<URL/>
<Literal/>
<Default/></ParseSettingsReference>
<ParseMetricsResultType>none</ParseMetricsResultType>
<TransformLanguage>none</TransformLanguage>
<GatewayScriptLocation>local:///AddHeader.js</GatewayScriptLocation>
<ActionDebug persisted="false">off</ActionDebug>
<Output>dpvar</Output>
<NoTranscodeUtf8>off</NoTranscodeUtf8>
<NamedInOutLocationType>default</NamedInOutLocationType>
<SSLClientConfigType>proxy</SSLClientConfigType>
<StylesheetParameters>
<ParameterName>HeaderName</ParameterName>
<ParameterValue>Access-Control-Allow-Origin</ParameterValue></StylesheetParameters>
<StylesheetParameters>
<ParameterName>HeaderValue</ParameterName>
<ParameterValue>*</ParameterValue></StylesheetParameters>
<Transactional>off</Transactional>
<SOAPValidation>body</SOAPValidation>
<SQLSourceType>static</SQLSourceType>
<JWSVerifyStripSignature>on</JWSVerifyStripSignature>
<Asynchronous>off</Asynchronous>
<ResultsMode>first-available</ResultsMode>
<RetryCount>0</RetryCount>
<RetryInterval>1000</RetryInterval>
<MultipleOutputs>off</MultipleOutputs>
<IteratorType>XPATH</IteratorType>
<Timeout>0</Timeout>
<MethodRewriteType>GET</MethodRewriteType>
<MethodType>POST</MethodType>
<MethodType2>POST</MethodType2></StylePolicyAction><StylePolicyAction name="All-REST-Cors_results_output_0" xmlns:dp="http://www.datapower.com/schemas/management" xmlns:env="http://www.w3.org/2003/05/soap-envelope">
<mAdminState>enabled</mAdminState>
<Type>results</Type>
<Input>dpvar</Input>
<ParseSettingsReference>
<URL/>
<Literal/>
<Default/></ParseSettingsReference>
<ParseMetricsResultType>none</ParseMetricsResultType>
<TransformLanguage>none</TransformLanguage>
<ActionDebug persisted="false">off</ActionDebug>
<NoTranscodeUtf8>off</NoTranscodeUtf8>
<NamedInOutLocationType>default</NamedInOutLocationType>
<SSLClientConfigType>proxy</SSLClientConfigType>
<OutputType>default</OutputType>
<Transactional>off</Transactional>
<SOAPValidation>body</SOAPValidation>
<SQLSourceType>static</SQLSourceType>
<JWSVerifyStripSignature>on</JWSVerifyStripSignature>
<Asynchronous>off</Asynchronous>
<ResultsMode>first-available</ResultsMode>
<RetryCount>0</RetryCount>
<RetryInterval>1000</RetryInterval>
<MultipleOutputs>off</MultipleOutputs>
<IteratorType>XPATH</IteratorType>
<Timeout>0</Timeout>
<MethodRewriteType>GET</MethodRewriteType>
<MethodType>POST</MethodType>
<MethodType2>POST</MethodType2></StylePolicyAction><StylePolicyRule name="__default-accept-service-providers-request__" intrinsic="true" read-only="true" xmlns:dp="http://www.datapower.com/schemas/management" xmlns:env="http://www.w3.org/2003/05/soap-envelope">
<mAdminState>enabled</mAdminState>
<UserSummary>Accept messages intended for known services, reject everything else.</UserSummary>
<Actions class="StylePolicyAction">__default-accept-service-providers-filter-action__</Actions>
<Actions class="StylePolicyAction">__default-accept-service-providers-results-action__</Actions>
<Direction>request-rule</Direction>
<InputFormat>none</InputFormat>
<OutputFormat>none</OutputFormat>
<NonXMLProcessing>off</NonXMLProcessing>
<Unprocessed>off</Unprocessed></StylePolicyRule><StylePolicyRule name="__default-accept-service-providers-response__" intrinsic="true" read-only="true" xmlns:dp="http://www.datapower.com/schemas/management" xmlns:env="http://www.w3.org/2003/05/soap-envelope">
<mAdminState>enabled</mAdminState>
<UserSummary>Accept responses received from known services.</UserSummary>
<Actions class="StylePolicyAction">__default-accept-service-providers-results-action__</Actions>
<Direction>response-rule</Direction>
<InputFormat>none</InputFormat>
<OutputFormat>none</OutputFormat>
<NonXMLProcessing>off</NonXMLProcessing>
<Unprocessed>off</Unprocessed></StylePolicyRule><StylePolicyRule name="__dp-policy-begin__" intrinsic="true" read-only="true" xmlns:dp="http://www.datapower.com/schemas/management" xmlns:env="http://www.w3.org/2003/05/soap-envelope">
<mAdminState>enabled</mAdminState>
<UserSummary>Initiate policy enforcement by annotating policy and determining first policy to enforce.</UserSummary>
<Actions class="StylePolicyAction">__dp-policy-init-xform-action__</Actions>
<Actions class="StylePolicyAction">__dp-policy-traverse-xform-action__</Actions>
<Actions class="StylePolicyAction">__dp-policy-call-action__</Actions>
<Actions class="StylePolicyAction">__dp-policy-results-action__</Actions>
<Direction>rule</Direction>
<InputFormat>none</InputFormat>
<OutputFormat>none</OutputFormat>
<NonXMLProcessing>off</NonXMLProcessing>
<Unprocessed>off</Unprocessed></StylePolicyRule><StylePolicyRule name="All-REST-Cors" xmlns:dp="http://www.datapower.com/schemas/management" xmlns:env="http://www.w3.org/2003/05/soap-envelope">
<mAdminState>enabled</mAdminState>
<Actions class="StylePolicyAction">All-REST-Cors_gatewayscript_0</Actions>
<Actions class="StylePolicyAction">All-REST-Cors_gatewayscript_2</Actions>
<Actions class="StylePolicyAction">All-REST-Cors_results_output_0</Actions>
<Direction>request-rule</Direction>
<InputFormat>none</InputFormat>
<OutputFormat>none</OutputFormat>
<NonXMLProcessing>off</NonXMLProcessing>
<Unprocessed>off</Unprocessed></StylePolicyRule><APIRule name="default-api-error-rule" intrinsic="true" read-only="true" xmlns:dp="http://www.datapower.com/schemas/management" xmlns:env="http://www.w3.org/2003/05/soap-envelope">
<mAdminState>enabled</mAdminState>
<DynamicActionsMode>off</DynamicActionsMode>
<Actions class="APIResult">default-api-result</Actions></APIRule><APIRule name="default-api-rule" intrinsic="true" read-only="true" xmlns:dp="http://www.datapower.com/schemas/management" xmlns:env="http://www.w3.org/2003/05/soap-envelope">
<mAdminState>enabled</mAdminState>
<DynamicActionsMode>off</DynamicActionsMode>
<Actions class="APIRouting">default-api-route</Actions>
<Actions class="APIExecute">default-api-execute</Actions>
<Actions class="APIResult">default-api-result</Actions></APIRule><APIRule name="default-assembly-func-rule" xmlns:dp="http://www.datapower.com/schemas/management" xmlns:env="http://www.w3.org/2003/05/soap-envelope">
<mAdminState>enabled</mAdminState>
<DynamicActionsMode>off</DynamicActionsMode>
<Actions class="AssemblyActionFunctionCall">default-func-call-global</Actions>
<Actions class="APIResult">default-api-result</Actions></APIRule><APIRule name="default-assembly-rule-global" xmlns:dp="http://www.datapower.com/schemas/management" xmlns:env="http://www.w3.org/2003/05/soap-envelope">
<mAdminState>enabled</mAdminState>
<DynamicActionsMode>off</DynamicActionsMode>
<Actions class="APIRouting">default-api-route</Actions>
<Actions class="AssemblyActionFunctionCall">default-func-call-preflow</Actions>
<Actions class="AssemblyActionFunctionCall">default-func-call-main</Actions></APIRule><APIRule name="default-assembly-rule-main" xmlns:dp="http://www.datapower.com/schemas/management" xmlns:env="http://www.w3.org/2003/05/soap-envelope">
<mAdminState>enabled</mAdminState>
<DynamicActionsMode>off</DynamicActionsMode>
<Actions class="APIExecute">default-api-execute</Actions></APIRule><APIRule name="default-empty-rule" xmlns:dp="http://www.datapower.com/schemas/management" xmlns:env="http://www.w3.org/2003/05/soap-envelope">
<mAdminState>enabled</mAdminState>
<DynamicActionsMode>off</DynamicActionsMode></APIRule><APIRule name="default-preflow-rule" intrinsic="true" read-only="true" xmlns:dp="http://www.datapower.com/schemas/management" xmlns:env="http://www.w3.org/2003/05/soap-envelope">
<mAdminState>enabled</mAdminState>
<DynamicActionsMode>off</DynamicActionsMode>
<Actions class="APICORS">default-api-cors</Actions>
<Actions class="AssemblyActionHtmlPage">default-html-page</Actions>
<Actions class="APIClientIdentification">default-api-client-identification</Actions>
<Actions class="AssemblyActionRateLimit">default-api-ratelimit</Actions>
<Actions class="APISecurity">default-api-security</Actions></APIRule><Assembly name="default-assembly-global" xmlns:dp="http://www.datapower.com/schemas/management" xmlns:env="http://www.w3.org/2003/05/soap-envelope">
<mAdminState>enabled</mAdminState>
<Rule class="APIRule">default-assembly-rule-global</Rule></Assembly><Assembly name="default-assembly-main" xmlns:dp="http://www.datapower.com/schemas/management" xmlns:env="http://www.w3.org/2003/05/soap-envelope">
<mAdminState>enabled</mAdminState>
<Rule class="APIRule">default-assembly-rule-main</Rule></Assembly><Assembly name="default-empty-assembly" xmlns:dp="http://www.datapower.com/schemas/management" xmlns:env="http://www.w3.org/2003/05/soap-envelope">
<mAdminState>enabled</mAdminState>
<Rule class="APIRule">default-empty-rule</Rule></Assembly><Assembly name="default-preflow" xmlns:dp="http://www.datapower.com/schemas/management" xmlns:env="http://www.w3.org/2003/05/soap-envelope">
<mAdminState>enabled</mAdminState>
<Rule class="APIRule">default-preflow-rule</Rule></Assembly><Matching name="__default-accept-service-providers__" intrinsic="true" read-only="true" xmlns:dp="http://www.datapower.com/schemas/management" xmlns:env="http://www.w3.org/2003/05/soap-envelope">
<mAdminState>enabled</mAdminState>
<UserSummary>Match all messages.</UserSummary>
<MatchRules>
<Type>url</Type>
<HttpTag/>
<HttpValue/>
<Url>*</Url>
<ErrorCode/>
<XPATHExpression/>
<Method>default</Method>
<CustomMethod/></MatchRules>
<MatchWithPCRE>off</MatchWithPCRE>
<CombineWithOr>off</CombineWithOr></Matching><Matching name="All-REST-Cors" xmlns:dp="http://www.datapower.com/schemas/management" xmlns:env="http://www.w3.org/2003/05/soap-envelope">
<mAdminState>enabled</mAdminState>
<MatchRules>
<Type>url</Type>
<HttpTag/>
<HttpValue/>
<Url>^\/Tools\/rest-cors\/.*$</Url>
<ErrorCode/>
<XPATHExpression/>
<Method>default</Method>
<CustomMethod/></MatchRules>
<MatchWithPCRE>on</MatchWithPCRE>
<CombineWithOr>off</CombineWithOr></Matching><StylePolicy name="default" intrinsic="true" xmlns:dp="http://www.datapower.com/schemas/management" xmlns:env="http://www.w3.org/2003/05/soap-envelope">
<mAdminState>enabled</mAdminState>
<UserSummary>Default Processing Policy</UserSummary>
<DefStylesheetForSoap>store:///filter-reject-all.xsl</DefStylesheetForSoap>
<DefStylesheetForXsl>store:///identity.xsl</DefStylesheetForXsl>
<DefXQueryForJSON>store:///reject-all-json.xq</DefXQueryForJSON></StylePolicy><StylePolicy name="default-accept-service-providers" intrinsic="true" read-only="true" xmlns:dp="http://www.datapower.com/schemas/management" xmlns:env="http://www.w3.org/2003/05/soap-envelope">
<mAdminState>enabled</mAdminState>
<UserSummary>Default Processing Policy which accepts only messages that match known WSRR services in a Multi-Protocol Gateway.</UserSummary>
<DefStylesheetForSoap>store:///filter-reject-all.xsl</DefStylesheetForSoap>
<DefStylesheetForXsl>store:///identity.xsl</DefStylesheetForXsl>
<DefXQueryForJSON>store:///reject-all-json.xq</DefXQueryForJSON>
<PolicyMaps>
<Match class="Matching">__default-accept-service-providers__</Match>
<Rule class="StylePolicyRule">__default-accept-service-providers-request__</Rule></PolicyMaps>
<PolicyMaps>
<Match class="Matching">__default-accept-service-providers__</Match>
<Rule class="StylePolicyRule">__default-accept-service-providers-response__</Rule></PolicyMaps></StylePolicy><StylePolicy name="Tools" xmlns:dp="http://www.datapower.com/schemas/management" xmlns:env="http://www.w3.org/2003/05/soap-envelope">
<mAdminState>enabled</mAdminState>
<DefStylesheetForSoap>store:///filter-reject-all.xsl</DefStylesheetForSoap>
<DefStylesheetForXsl>store:///identity.xsl</DefStylesheetForXsl>
<DefXQueryForJSON>store:///reject-all-json.xq</DefXQueryForJSON>
<PolicyMaps>
<Match class="Matching">All-REST-Cors</Match>
<Rule class="StylePolicyRule">All-REST-Cors</Rule></PolicyMaps></StylePolicy><ProcessingMetadata name="ftp-usercert-metadata" intrinsic="true" xmlns:dp="http://www.datapower.com/schemas/management" xmlns:env="http://www.w3.org/2003/05/soap-envelope">
<mAdminState>enabled</mAdminState>
<MetaItem>
<MetaCategory>variable</MetaCategory>
<MetaName>dn</MetaName>
<DataSource>var://context/INPUT/ftp/tls/client-subject-dn</DataSource></MetaItem>
<MetaItem>
<MetaCategory>variable</MetaCategory>
<MetaName>issuer</MetaName>
<DataSource>var://context/INPUT/ftp/tls/client-issuer-dn</DataSource></MetaItem>
<MetaItem>
<MetaCategory>variable</MetaCategory>
<MetaName>serial</MetaName>
<DataSource>var://context/INPUT/ftp/tls/client-serial-number</DataSource></MetaItem></ProcessingMetadata><ProcessingMetadata name="ftp-username-metadata" intrinsic="true" xmlns:dp="http://www.datapower.com/schemas/management" xmlns:env="http://www.w3.org/2003/05/soap-envelope">
<mAdminState>enabled</mAdminState>
<MetaItem>
<MetaCategory>variable</MetaCategory>
<MetaName>dn</MetaName>
<DataSource>var://context/INPUT/ftp/tls/client-subject-dn</DataSource></MetaItem>
<MetaItem>
<MetaCategory>variable</MetaCategory>
<MetaName>issuer</MetaName>
<DataSource>var://context/INPUT/ftp/tls/client-issuer-dn</DataSource></MetaItem>
<MetaItem>
<MetaCategory>variable</MetaCategory>
<MetaName>password</MetaName>
<DataSource>var://context/INPUT/ftp/password</DataSource></MetaItem>
<MetaItem>
<MetaCategory>variable</MetaCategory>
<MetaName>serial</MetaName>
<DataSource>var://context/INPUT/ftp/tls/client-serial-number</DataSource></MetaItem>
<MetaItem>
<MetaCategory>variable</MetaCategory>
<MetaName>username</MetaName>
<DataSource>var://context/INPUT/ftp/username</DataSource></MetaItem></ProcessingMetadata><ProcessingMetadata name="oauth-scope-metadata" intrinsic="true" xmlns:dp="http://www.datapower.com/schemas/management" xmlns:env="http://www.w3.org/2003/05/soap-envelope">
<mAdminState>enabled</mAdminState>
<MetaItem>
<MetaCategory>variable</MetaCategory>
<MetaName>scope</MetaName>
<DataSource>var://context/INPUT/oauth/verified-scope</DataSource></MetaItem></ProcessingMetadata><ProcessingMetadata name="ssh-password-metadata" intrinsic="true" xmlns:dp="http://www.datapower.com/schemas/management" xmlns:env="http://www.w3.org/2003/05/soap-envelope">
<mAdminState>enabled</mAdminState>
<MetaItem>
<MetaCategory>variable</MetaCategory>
<MetaName>password</MetaName>
<DataSource>var://context/INPUT/ssh/password</DataSource></MetaItem>
<MetaItem>
<MetaCategory>variable</MetaCategory>
<MetaName>publickey</MetaName>
<DataSource>var://context/INPUT/ssh/publickey</DataSource></MetaItem>
<MetaItem>
<MetaCategory>variable</MetaCategory>
<MetaName>username</MetaName>
<DataSource>var://context/INPUT/ssh/username</DataSource></MetaItem></ProcessingMetadata><XMLManager name="default" intrinsic="true" xmlns:dp="http://www.datapower.com/schemas/management" xmlns:env="http://www.w3.org/2003/05/soap-envelope">
<mAdminState>enabled</mAdminState>
<UserSummary>Default XML-Manager</UserSummary>
<CacheMemorySize>2147483647</CacheMemorySize>
<CacheSize>256</CacheSize>
<SHA1Caching>on</SHA1Caching>
<StaticDocumentCalls>on</StaticDocumentCalls>
<SearchResults>on</SearchResults>
<SupportTxWarn>off</SupportTxWarn>
<Memoization>on</Memoization>
<ParserLimitsBytesScanned>4194304</ParserLimitsBytesScanned>
<ParserLimitsElementDepth>512</ParserLimitsElementDepth>
<ParserLimitsAttributeCount>128</ParserLimitsAttributeCount>
<ParserLimitsMaxNodeSize>33554432</ParserLimitsMaxNodeSize>
<ParserLimitsForbidExternalReferences>on</ParserLimitsForbidExternalReferences>
<ParserLimitsExternalReferences>forbid</ParserLimitsExternalReferences>
<ParserLimitsMaxPrefixes>1024</ParserLimitsMaxPrefixes>
<ParserLimitsMaxNamespaces>1024</ParserLimitsMaxNamespaces>
<ParserLimitsMaxLocalNames>60000</ParserLimitsMaxLocalNames>
<DocCacheMaxDocs>5000</DocCacheMaxDocs>
<DocCacheSize>0</DocCacheSize>
<DocMaxWrites>32768</DocMaxWrites>
<UserAgent class="HTTPUserAgent">default</UserAgent></XMLManager><XMLManager name="default-attempt-stream" intrinsic="true" xmlns:dp="http://www.datapower.com/schemas/management" xmlns:env="http://www.w3.org/2003/05/soap-envelope">
<mAdminState>enabled</mAdminState>
<UserSummary>Default Streaming XML-Manager</UserSummary>
<CompileOptionsPolicy class="CompileOptionsPolicy">default-attempt-stream</CompileOptionsPolicy>
<CacheMemorySize>2147483647</CacheMemorySize>
<CacheSize>256</CacheSize>
<SHA1Caching>on</SHA1Caching>
<StaticDocumentCalls>on</StaticDocumentCalls>
<SearchResults>on</SearchResults>
<SupportTxWarn>off</SupportTxWarn>
<Memoization>on</Memoization>
<ParserLimitsBytesScanned>268435456</ParserLimitsBytesScanned>
<ParserLimitsElementDepth>512</ParserLimitsElementDepth>
<ParserLimitsAttributeCount>128</ParserLimitsAttributeCount>
<ParserLimitsMaxNodeSize>268435456</ParserLimitsMaxNodeSize>
<ParserLimitsForbidExternalReferences>on</ParserLimitsForbidExternalReferences>
<ParserLimitsExternalReferences>forbid</ParserLimitsExternalReferences>
<ParserLimitsMaxPrefixes>1024</ParserLimitsMaxPrefixes>
<ParserLimitsMaxNamespaces>1024</ParserLimitsMaxNamespaces>
<ParserLimitsMaxLocalNames>60000</ParserLimitsMaxLocalNames>
<DocCacheMaxDocs>5000</DocCacheMaxDocs>
<DocCacheSize>0</DocCacheSize>
<DocMaxWrites>32768</DocMaxWrites>
<UserAgent class="HTTPUserAgent">default</UserAgent></XMLManager><XMLManager name="default-wsrr" xmlns:dp="http://www.datapower.com/schemas/management" xmlns:env="http://www.w3.org/2003/05/soap-envelope">
<mAdminState>enabled</mAdminState>
<UserSummary>WSRR XML-Manager</UserSummary>
<CacheMemorySize>2147483647</CacheMemorySize>
<CacheSize>256</CacheSize>
<SHA1Caching>on</SHA1Caching>
<StaticDocumentCalls>on</StaticDocumentCalls>
<SearchResults>on</SearchResults>
<SupportTxWarn>off</SupportTxWarn>
<Memoization>on</Memoization>
<ParserLimitsBytesScanned>4194304</ParserLimitsBytesScanned>
<ParserLimitsElementDepth>512</ParserLimitsElementDepth>
<ParserLimitsAttributeCount>128</ParserLimitsAttributeCount>
<ParserLimitsMaxNodeSize>33554432</ParserLimitsMaxNodeSize>
<ParserLimitsForbidExternalReferences>on</ParserLimitsForbidExternalReferences>
<ParserLimitsExternalReferences>forbid</ParserLimitsExternalReferences>
<ParserLimitsMaxPrefixes>1024</ParserLimitsMaxPrefixes>
<ParserLimitsMaxNamespaces>1024</ParserLimitsMaxNamespaces>
<ParserLimitsMaxLocalNames>60000</ParserLimitsMaxLocalNames>
<DocCacheMaxDocs>5000</DocCacheMaxDocs>
<DocCacheSize>0</DocCacheSize>
<DocMaxWrites>32768</DocMaxWrites>
<UserAgent class="HTTPUserAgent">default</UserAgent></XMLManager><XMLManager name="Tools" xmlns:dp="http://www.datapower.com/schemas/management" xmlns:env="http://www.w3.org/2003/05/soap-envelope">
<mAdminState>enabled</mAdminState>
<CacheMemorySize>2147483647</CacheMemorySize>
<CacheSize>256</CacheSize>
<SHA1Caching>on</SHA1Caching>
<StaticDocumentCalls>on</StaticDocumentCalls>
<SearchResults>on</SearchResults>
<SupportTxWarn>off</SupportTxWarn>
<VirtualServers class="LoadBalancerGroup">Loopback</VirtualServers>
<Memoization>on</Memoization>
<ParserLimitsBytesScanned>4194304</ParserLimitsBytesScanned>
<ParserLimitsElementDepth>512</ParserLimitsElementDepth>
<ParserLimitsAttributeCount>128</ParserLimitsAttributeCount>
<ParserLimitsMaxNodeSize>33554432</ParserLimitsMaxNodeSize>
<ParserLimitsForbidExternalReferences>on</ParserLimitsForbidExternalReferences>
<ParserLimitsExternalReferences>forbid</ParserLimitsExternalReferences>
<ParserLimitsMaxPrefixes>1024</ParserLimitsMaxPrefixes>
<ParserLimitsMaxNamespaces>1024</ParserLimitsMaxNamespaces>
<ParserLimitsMaxLocalNames>60000</ParserLimitsMaxLocalNames>
<DocCacheMaxDocs>5000</DocCacheMaxDocs>
<DocCacheSize>0</DocCacheSize>
<DocMaxWrites>32768</DocMaxWrites>
<UserAgent class="HTTPUserAgent">Tools</UserAgent></XMLManager><HTTPSourceProtocolHandler name="Tools" xmlns:dp="http://www.datapower.com/schemas/management" xmlns:env="http://www.w3.org/2003/05/soap-envelope">
<mAdminState>enabled</mAdminState>
<LocalAddress>0.0.0.0</LocalAddress>
<LocalPort>10000</LocalPort>
<HTTPVersion>HTTP/1.1</HTTPVersion>
<AllowedFeatures>
<HTTP-1.0>on</HTTP-1.0>
<HTTP-1.1>on</HTTP-1.1>
<HTTP-2.0>off</HTTP-2.0>
<POST>on</POST>
<GET>on</GET>
<PUT>on</PUT>
<PATCH>on</PATCH>
<HEAD>off</HEAD>
<OPTIONS>on</OPTIONS>
<TRACE>off</TRACE>
<DELETE>on</DELETE>
<CONNECT>off</CONNECT>
<CustomMethods>off</CustomMethods>
<QueryString>on</QueryString>
<FragmentIdentifiers>on</FragmentIdentifiers>
<DotDot>off</DotDot>
<DotDotInPath>off</DotDotInPath>
<DotDotInQueryString>off</DotDotInQueryString>
<CmdExe>off</CmdExe></AllowedFeatures>
<PersistentConnections>on</PersistentConnections>
<MaxPersistentConnectionsReuse>0</MaxPersistentConnectionsReuse>
<AllowCompression>off</AllowCompression>
<AllowWebSocketUpgrade>off</AllowWebSocketUpgrade>
<WebSocketIdleTimeout>0</WebSocketIdleTimeout>
<MaxURLLen>16384</MaxURLLen>
<MaxTotalHdrLen>128000</MaxTotalHdrLen>
<MaxHdrCount>0</MaxHdrCount>
<MaxNameHdrLen>0</MaxNameHdrLen>
<MaxValueHdrLen>0</MaxValueHdrLen>
<MaxQueryStringLen>0</MaxQueryStringLen>
<CredentialCharset>protocol</CredentialCharset>
<HTTP2MaxStreams>100</HTTP2MaxStreams>
<HTTP2MaxFrameSize>16384</HTTP2MaxFrameSize>
<HTTP2StreamHeader>off</HTTP2StreamHeader>
<ChunkedEncoding>on</ChunkedEncoding></HTTPSourceProtocolHandler><WSStylePolicy name="default" intrinsic="true" xmlns:dp="http://www.datapower.com/schemas/management" xmlns:env="http://www.w3.org/2003/05/soap-envelope">
<mAdminState>enabled</mAdminState>
<UserSummary>Default Processing Policy</UserSummary>
<DefStylesheetForSoap>store:///filter-reject-all.xsl</DefStylesheetForSoap>
<DefStylesheetForXsl>store:///identity.xsl</DefStylesheetForXsl></WSStylePolicy><GatewayPeering name="default-gateway-peering" xmlns:dp="http://www.datapower.com/schemas/management" xmlns:env="http://www.w3.org/2003/05/soap-envelope">
<mAdminState>disabled</mAdminState>
<LocalAddress>0.0.0.0</LocalAddress>
<LocalPort>16380</LocalPort>
<PrimaryCount>1</PrimaryCount>
<MonitorPort>26380</MonitorPort>
<ClusterAutoConfig>on</ClusterAutoConfig>
<EnablePeerGroup>off</EnablePeerGroup>
<Priority>100</Priority>
<EnableSSL>on</EnableSSL>
<PersistenceLocation>memory</PersistenceLocation>
<LocalDirectory>local:///</LocalDirectory>
<LogLevel>internal</LogLevel>
<MaxMemory>0</MaxMemory></GatewayPeering><GatewayPeeringManager name="default" intrinsic="true" xmlns:dp="http://www.datapower.com/schemas/management" xmlns:env="http://www.w3.org/2003/05/soap-envelope">
<mAdminState>disabled</mAdminState>
<APIConnectGatewayService class="GatewayPeering">default-gateway-peering</APIConnectGatewayService>
<RateLimit class="GatewayPeering">default-gateway-peering</RateLimit>
<Subscription class="GatewayPeering">default-gateway-peering</Subscription>
<APIProbe class="GatewayPeering">default-gateway-peering</APIProbe>
<RatelimitModule class="GatewayPeering">default-gateway-peering</RatelimitModule></GatewayPeeringManager><PolicyAttachments name="Tools" xmlns:dp="http://www.datapower.com/schemas/management" xmlns:env="http://www.w3.org/2003/05/soap-envelope">
<mAdminState>enabled</mAdminState>
<EnforcementMode>enforce</EnforcementMode>
<PolicyReferences>on</PolicyReferences>
<SLAEnforcementMode>allow-if-no-sla</SLAEnforcementMode></PolicyAttachments><MultiProtocolGateway name="Tools" xmlns:dp="http://www.datapower.com/schemas/management" xmlns:env="http://www.w3.org/2003/05/soap-envelope">
<mAdminState>enabled</mAdminState>
<Priority>normal</Priority>
<FrontProtocol class="HTTPSourceProtocolHandler">Tools</FrontProtocol>
<XMLManager class="XMLManager">Tools</XMLManager>
<SSLClientConfigType>proxy</SSLClientConfigType>
<DefaultParamNamespace>http://www.datapower.com/param/config</DefaultParamNamespace>
<QueryParamNamespace>http://www.datapower.com/param/query</QueryParamNamespace>
<PropagateURI>on</PropagateURI>
<MonitorProcessingPolicy>terminate-at-first-throttle</MonitorProcessingPolicy>
<RequestAttachments>strip</RequestAttachments>
<ResponseAttachments>strip</ResponseAttachments>
<RequestAttachmentsFlowControl>off</RequestAttachmentsFlowControl>
<ResponseAttachmentsFlowControl>off</ResponseAttachmentsFlowControl>
<RootPartNotFirstAction>process-in-order</RootPartNotFirstAction>
<FrontAttachmentFormat>dynamic</FrontAttachmentFormat>
<BackAttachmentFormat>dynamic</BackAttachmentFormat>
<MIMEFrontHeaders>on</MIMEFrontHeaders>
<MIMEBackHeaders>on</MIMEBackHeaders>
<StreamOutputToBack>buffer-until-verification</StreamOutputToBack>
<StreamOutputToFront>buffer-until-verification</StreamOutputToFront>
<MaxMessageSize>0</MaxMessageSize>
<GatewayParserLimits>off</GatewayParserLimits>
<ParserLimitsElementDepth>512</ParserLimitsElementDepth>
<ParserLimitsAttributeCount>128</ParserLimitsAttributeCount>
<ParserLimitsMaxNodeSize>33554432</ParserLimitsMaxNodeSize>
<ParserLimitsForbidExternalReferences>on</ParserLimitsForbidExternalReferences>
<ParserLimitsExternalReferences>forbid</ParserLimitsExternalReferences>
<ParserLimitsMaxPrefixes>1024</ParserLimitsMaxPrefixes>
<ParserLimitsMaxNamespaces>1024</ParserLimitsMaxNamespaces>
<ParserLimitsMaxLocalNames>60000</ParserLimitsMaxLocalNames>
<ParserLimitsAttachmentByteCount>2000000000</ParserLimitsAttachmentByteCount>
<ParserLimitsAttachmentPackageByteCount>0</ParserLimitsAttachmentPackageByteCount>
<DebugMode persisted="false">off</DebugMode>
<DebuggerType>internal</DebuggerType>
<DebugHistory>25</DebugHistory>
<FlowControl>off</FlowControl>
<SOAPSchemaURL>store:///schemas/soap-envelope.xsd</SOAPSchemaURL>
<FrontTimeout>120</FrontTimeout>
<BackTimeout>120</BackTimeout>
<FrontPersistentTimeout>180</FrontPersistentTimeout>
<BackPersistentTimeout>180</BackPersistentTimeout>
<IncludeResponseTypeEncoding>off</IncludeResponseTypeEncoding>
<PersistentConnections>on</PersistentConnections>
<LoopDetection>off</LoopDetection>
<DoHostRewriting>on</DoHostRewriting>
<DoChunkedUpload>off</DoChunkedUpload>
<ProcessHTTPErrors>on</ProcessHTTPErrors>
<HTTPClientIPLabel>X-Client-IP</HTTPClientIPLabel>
<HTTPLogCorIDLabel>X-Global-Transaction-ID</HTTPLogCorIDLabel>
<InOrderMode>
<Request>off</Request>
<Backend>off</Backend>
<Response>off</Response></InOrderMode>
<WSAMode>sync2sync</WSAMode>
<WSARequireAAA>on</WSARequireAAA>
<WSAStrip>on</WSAStrip>
<WSADefaultReplyTo>http://schemas.xmlsoap.org/ws/2004/08/addressing/role/anonymous</WSADefaultReplyTo>
<WSADefaultFaultTo>http://schemas.xmlsoap.org/ws/2004/08/addressing/role/anonymous</WSADefaultFaultTo>
<WSAForce>off</WSAForce>
<WSAGenStyle>sync</WSAGenStyle>
<WSAHTTPAsyncResponseCode>204</WSAHTTPAsyncResponseCode>
<WSATimeout>120</WSATimeout>
<WSRMEnabled>off</WSRMEnabled>
<WSRMSequenceExpiration>3600</WSRMSequenceExpiration>
<WSRMDestinationAcceptCreateSequence>on</WSRMDestinationAcceptCreateSequence>
<WSRMDestinationMaximumSequences>400</WSRMDestinationMaximumSequences>
<WSRMDestinationInOrder>off</WSRMDestinationInOrder>
<WSRMDestinationMaximumInOrderQueueLength>10</WSRMDestinationMaximumInOrderQueueLength>
<WSRMDestinationAcceptOffers>off</WSRMDestinationAcceptOffers>
<WSRMFrontForce>off</WSRMFrontForce>
<WSRMBackForce>off</WSRMBackForce>
<WSRMBackCreateSequence>off</WSRMBackCreateSequence>
<WSRMFrontCreateSequence>off</WSRMFrontCreateSequence>
<WSRMSourceMakeOffer>off</WSRMSourceMakeOffer>
<WSRMUsesSequenceSSL>off</WSRMUsesSequenceSSL>
<WSRMSourceMaximumSequences>400</WSRMSourceMaximumSequences>
<WSRMSourceRetransmissionInterval>10</WSRMSourceRetransmissionInterval>
<WSRMSourceExponentialBackoff>on</WSRMSourceExponentialBackoff>
<WSRMSourceMaximumRetransmissions>4</WSRMSourceMaximumRetransmissions>
<WSRMSourceMaximumQueueLength>30</WSRMSourceMaximumQueueLength>
<WSRMSourceRequestAckCount>1</WSRMSourceRequestAckCount>
<WSRMSourceInactivityClose>360</WSRMSourceInactivityClose>
<ForcePolicyExec>off</ForcePolicyExec>
<RewriteErrors>on</RewriteErrors>
<DelayErrors>on</DelayErrors>
<DelayErrorsDuration>1000</DelayErrorsDuration>
<BackHTTPVersion>HTTP/1.1</BackHTTPVersion>
<HTTP2Required>off</HTTP2Required>
<RequestType>json</RequestType>
<ResponseType>json</ResponseType>
<FollowRedirects>on</FollowRedirects>
<RewriteLocationHeader>off</RewriteLocationHeader>
<StylePolicy class="StylePolicy">Tools</StylePolicy>
<Type>dynamic-backend</Type>
<AllowCompression>off</AllowCompression>
<EnableCompressedPayloadPassthrough>off</EnableCompressedPayloadPassthrough>
<AllowCacheControlHeader>off</AllowCacheControlHeader>
<PolicyAttachments class="PolicyAttachments">Tools</PolicyAttachments>
<WSMAgentMonitor>off</WSMAgentMonitor>
<WSMAgentMonitorPCM>all-messages</WSMAgentMonitorPCM>
<ProxyHTTPResponse>off</ProxyHTTPResponse>
<TransactionTimeout>0</TransactionTimeout></MultiProtocolGateway><Statistics name="default" intrinsic="true" xmlns:dp="http://www.datapower.com/schemas/management" xmlns:env="http://www.w3.org/2003/05/soap-envelope">
<mAdminState>disabled</mAdminState>
<LoadInterval read-only="true">1000</LoadInterval></Statistics><APIConnectGatewayService name="default" intrinsic="true" xmlns:dp="http://www.datapower.com/schemas/management" xmlns:env="http://www.w3.org/2003/05/soap-envelope">
<mAdminState>disabled</mAdminState>
<LocalAddress>0.0.0.0</LocalAddress>
<LocalPort>3000</LocalPort>
<APIGatewayAddress>0.0.0.0</APIGatewayAddress>
<APIGatewayPort>9443</APIGatewayPort>
<GatewayPeering class="GatewayPeering">default-gateway-peering</GatewayPeering>
<GatewayPeeringManager class="GatewayPeeringManager">default</GatewayPeeringManager>
<V5CompatibilityMode>on</V5CompatibilityMode>
<V5CSlmMode>autounicast</V5CSlmMode>
<IPUnicast/>
<DatabaseMode>off</DatabaseMode>
<LogStripNonAscii>off</LogStripNonAscii></APIConnectGatewayService><APIDebugProbe name="default" intrinsic="true" xmlns:dp="http://www.datapower.com/schemas/management" xmlns:env="http://www.w3.org/2003/05/soap-envelope">
<mAdminState>disabled</mAdminState>
<MaxRecords>1000</MaxRecords>
<Expiration>60</Expiration>
<GatewayPeering class="GatewayPeering">default-gateway-peering</GatewayPeering>
<GatewayPeeringManager class="GatewayPeeringManager">default</GatewayPeeringManager></APIDebugProbe><APISecurityTokenManager name="default" intrinsic="true" xmlns:dp="http://www.datapower.com/schemas/management" xmlns:env="http://www.w3.org/2003/05/soap-envelope">
<mAdminState>disabled</mAdminState>
<GatewayPeering class="GatewayPeering">default-gateway-peering</GatewayPeering></APISecurityTokenManager><SMTPServerConnection name="default" intrinsic="true" xmlns:dp="http://www.datapower.com/schemas/management" xmlns:env="http://www.w3.org/2003/05/soap-envelope">
<mAdminState>enabled</mAdminState>
<UserSummary>Default SMTP Server Connection</UserSummary>
<MailServerHost>smtp</MailServerHost>
<MailServerPort>25</MailServerPort>
<Auth>plain</Auth>
<SSLClientConfigType>proxy</SSLClientConfigType></SMTPServerConnection><ControlList name="default-accept-all" xmlns:dp="http://www.datapower.com/schemas/management" xmlns:env="http://www.w3.org/2003/05/soap-envelope">
<mAdminState>enabled</mAdminState>
<Type>blocklist</Type>
<CaseInsensitive>off</CaseInsensitive></ControlList><ControlList name="default-reject-all" xmlns:dp="http://www.datapower.com/schemas/management" xmlns:env="http://www.w3.org/2003/05/soap-envelope">
<mAdminState>enabled</mAdminState>
<Type>allowlist</Type>
<CaseInsensitive>off</CaseInsensitive></ControlList><SSHDomainClientProfile name="default" intrinsic="true" xmlns:dp="http://www.datapower.com/schemas/management" xmlns:env="http://www.w3.org/2003/05/soap-envelope">
<mAdminState>enabled</mAdminState>
<Ciphers>CHACHA20-POLY1305_AT_OPENSSH.COM</Ciphers>
<Ciphers>AES128-CTR</Ciphers>
<Ciphers>AES192-CTR</Ciphers>
<Ciphers>AES256-CTR</Ciphers>
<Ciphers>AES128-GCM_AT_OPENSSH.COM</Ciphers>
<Ciphers>AES256-GCM_AT_OPENSSH.COM</Ciphers>
<Ciphers>AES128-CBC</Ciphers>
<Ciphers>BLOWFISH-CBC</Ciphers>
<Ciphers>CAST128-CBC</Ciphers>
<Ciphers>AES192-CBC</Ciphers>
<Ciphers>AES256-CBC</Ciphers>
<Ciphers>RIJNDAEL-CBC_AT_LYSATOR.LIU.SE</Ciphers>
<KEXAlg>CURVE25519-SHA256_AT_LIBSSH.ORG</KEXAlg>
<KEXAlg>ECDH-SHA2-NISTP256</KEXAlg>
<KEXAlg>ECDH-SHA2-NISTP384</KEXAlg>
<KEXAlg>ECDH-SHA2-NISTP521</KEXAlg>
<KEXAlg>DIFFIE-HELLMAN-GROUP-EXCHANGE-SHA256</KEXAlg>
<KEXAlg>DIFFIE-HELLMAN-GROUP14-SHA1</KEXAlg>
<MACAlg>UMAC-64-ETM_AT_OPENSSH.COM</MACAlg>
<MACAlg>UMAC-128-ETM_AT_OPENSSH.COM</MACAlg>
<MACAlg>HMAC-SHA2-256-ETM_AT_OPENSSH.COM</MACAlg>
<MACAlg>HMAC-SHA2-512-ETM_AT_OPENSSH.COM</MACAlg>
<MACAlg>HMAC-SHA1-ETM_AT_OPENSSH.COM</MACAlg>
<MACAlg>UMAC-64_AT_OPENSSH.COM</MACAlg>
<MACAlg>UMAC-128_AT_OPENSSH.COM</MACAlg>
<MACAlg>HMAC-SHA2-256</MACAlg>
<MACAlg>HMAC-SHA2-512</MACAlg>
<MACAlg>HMAC-SHA1</MACAlg>
<LegacyKex>no</LegacyKex></SSHDomainClientProfile><SSHServerProfile name="default" intrinsic="true" xmlns:dp="http://www.datapower.com/schemas/management" xmlns:env="http://www.w3.org/2003/05/soap-envelope">
<mAdminState>enabled</mAdminState>
<Ciphers>CHACHA20-POLY1305_AT_OPENSSH.COM</Ciphers>
<Ciphers>AES128-CTR</Ciphers>
<Ciphers>AES192-CTR</Ciphers>
<Ciphers>AES256-CTR</Ciphers>
<Ciphers>AES128-GCM_AT_OPENSSH.COM</Ciphers>
<Ciphers>AES256-GCM_AT_OPENSSH.COM</Ciphers>
<Ciphers>AES128-CBC</Ciphers>
<Ciphers>BLOWFISH-CBC</Ciphers>
<Ciphers>CAST128-CBC</Ciphers>
<Ciphers>AES192-CBC</Ciphers>
<Ciphers>AES256-CBC</Ciphers>
<Ciphers>RIJNDAEL-CBC_AT_LYSATOR.LIU.SE</Ciphers>
<KEXAlg>CURVE25519-SHA256_AT_LIBSSH.ORG</KEXAlg>
<KEXAlg>ECDH-SHA2-NISTP256</KEXAlg>
<KEXAlg>ECDH-SHA2-NISTP384</KEXAlg>
<KEXAlg>ECDH-SHA2-NISTP521</KEXAlg>
<KEXAlg>DIFFIE-HELLMAN-GROUP-EXCHANGE-SHA256</KEXAlg>
<KEXAlg>DIFFIE-HELLMAN-GROUP14-SHA1</KEXAlg>
<MACAlg>UMAC-64-ETM_AT_OPENSSH.COM</MACAlg>
<MACAlg>UMAC-128-ETM_AT_OPENSSH.COM</MACAlg>
<MACAlg>HMAC-SHA2-256-ETM_AT_OPENSSH.COM</MACAlg>
<MACAlg>HMAC-SHA2-512-ETM_AT_OPENSSH.COM</MACAlg>
<MACAlg>HMAC-SHA1-ETM_AT_OPENSSH.COM</MACAlg>
<MACAlg>UMAC-64_AT_OPENSSH.COM</MACAlg>
<MACAlg>UMAC-128_AT_OPENSSH.COM</MACAlg>
<MACAlg>HMAC-SHA2-256</MACAlg>
<MACAlg>HMAC-SHA2-512</MACAlg>
<MACAlg>HMAC-SHA1</MACAlg>
<LegacyKex>no</LegacyKex>
<SendPreAuthMsg>no</SendPreAuthMsg></SSHServerProfile><DomainAvailability name="default" intrinsic="true" xmlns:dp="http://www.datapower.com/schemas/management" xmlns:env="http://www.w3.org/2003/05/soap-envelope">
<mAdminState>disabled</mAdminState>
<MonitoredService>
<WSGatewayName/>
<MultiProtocolGatewayName class="MultiProtocolGateway">Tools</MultiProtocolGatewayName></MonitoredService></DomainAvailability><NFSDynamicMounts name="default" intrinsic="true" xmlns:dp="http://www.datapower.com/schemas/management" xmlns:env="http://www.w3.org/2003/05/soap-envelope">
<mAdminState>disabled</mAdminState>
<Version>3</Version>
<Transport>tcp</Transport>
<MountType>hard</MountType>
<ReadOnly>off</ReadOnly>
<ReadSize>4096</ReadSize>
<WriteSize>4096</WriteSize>
<Timeout>7</Timeout>
<Retransmissions>3</Retransmissions>
<IdleUnmountSeconds>900</IdleUnmountSeconds>
<MountTimeoutSeconds>30</MountTimeoutSeconds></NFSDynamicMounts><RateLimitConfiguration name="default" intrinsic="true" xmlns:dp="http://www.datapower.com/schemas/management" xmlns:env="http://www.w3.org/2003/05/soap-envelope">
<mAdminState>enabled</mAdminState>
<AdvancedTuning>off</AdvancedTuning>
<ScaleCollectorInterval>100</ScaleCollectorInterval>
<ScaleCacheTableCount>1</ScaleCacheTableCount>
<ScaleCacheCleanupInterval>1000</ScaleCacheCleanupInterval>
<GatewayPeeringManager class="GatewayPeeringManager">default</GatewayPeeringManager></RateLimitConfiguration><SLMAction name="notify" xmlns:dp="http://www.datapower.com/schemas/management" xmlns:env="http://www.w3.org/2003/05/soap-envelope">
<mAdminState>enabled</mAdminState>
<Type>log-only</Type>
<LogLevel>warn</LogLevel></SLMAction><SLMAction name="shape" xmlns:dp="http://www.datapower.com/schemas/management" xmlns:env="http://www.w3.org/2003/05/soap-envelope">
<mAdminState>enabled</mAdminState>
<Type>shape</Type>
<LogLevel>debug</LogLevel></SLMAction><SLMAction name="throttle" xmlns:dp="http://www.datapower.com/schemas/management" xmlns:env="http://www.w3.org/2003/05/soap-envelope">
<mAdminState>enabled</mAdminState>
<Type>reject</Type>
<LogLevel>debug</LogLevel></SLMAction><APIClientIdentification name="default-api-client-identification" intrinsic="true" read-only="true" xmlns:dp="http://www.datapower.com/schemas/management" xmlns:env="http://www.w3.org/2003/05/soap-envelope">
<mAdminState>enabled</mAdminState>
<Title>default-client-identification</Title>
<CorrelationPath>$.assembly.execute[2]</CorrelationPath></APIClientIdentification><APICORS name="default-api-cors" intrinsic="true" read-only="true" xmlns:dp="http://www.datapower.com/schemas/management" xmlns:env="http://www.w3.org/2003/05/soap-envelope">
<mAdminState>enabled</mAdminState>
<Title>default-cors</Title>
<CorrelationPath>$.assembly.execute[0]</CorrelationPath></APICORS><WebServicesAgent name="default" intrinsic="true" xmlns:dp="http://www.datapower.com/schemas/management" xmlns:env="http://www.w3.org/2003/05/soap-envelope">
<mAdminState>disabled</mAdminState>
<MaxRecords>3000</MaxRecords>
<MaxMemoryKB>64000</MaxMemoryKB>
<CaptureMode>faults</CaptureMode>
<BufferMode>discard</BufferMode>
<MediationMetrics>off</MediationMetrics>
<MaxPayloadSizeKB>0</MaxPayloadSizeKB>
<PushInterval>100</PushInterval>
<PushPriority>normal</PushPriority></WebServicesAgent></configuration><files><file name="local:///ChopXUrlSegment.js" src="local/ChopXUrlSegment.js" location="local" hash="0q+ajbXn+hncN8fwRc1+PZC42LA="/><file name="local:///AddHeader.js" src="local/AddHeader.js" location="local" hash="6lFtqfm0booPSvBncWH+0l1PU+4="/><file name="local:///invoke-backend.js" src="local/invoke-backend.js" location="local" hash="eVAWL3oMPTPrSQf/f+Fg9w4nKME="/><file name="config:///Tools.cfg" src="config/Tools.cfg" location="config" hash="3H+mg2Y5pDBNJMxeNrQd9cDGoDI="/><file name="webgui:///clixform.xsl" src="dp-aux/clixform.xsl" location="dp-aux" internal="true" hash="OBXhoh1ntXVXE/oNRysVdSHNjLQ="/><file name="webgui:///SchemaUtil.xsl" src="dp-aux/SchemaUtil.xsl" location="dp-aux" internal="true" hash="lDu5pgpeu28YNaWBHTh+kiURBQs="/><file name="webgui:///management.xsl" src="dp-aux/management.xsl" location="dp-aux" internal="true" hash="pi0c46mGrlbqTpsWjG3QUxFOCYU="/><file name="webgui:///map-dmz.xsl" src="dp-aux/map-dmz.xsl" location="dp-aux" internal="true" hash="S8LbpfukTeInHK2d6DnQfdiZmd4="/><file name="webgui:///drMgmt.xml" src="dp-aux/drMgmt.xml" location="dp-aux" internal="true" hash="qaHSaX9z31crXzipKj4L/s1SWw0="/><file name="webgui:///basetypes.xml" src="dp-aux/basetypes.xml" location="dp-aux" internal="true" hash="HrLsg2FhC6fPlGYI25NijeP828E="/></files></datapower-configuration>